140004,U40998@DOM1,C4653,C706
140010,U40447@DOM1,C16130,C231
140010,U40448@DOM1,C16130,C231
140014,U41149@DOM1,C709,C467
140060,U40150@DOM1,C13457,C706
140082,U40774@DOM1,C248,C359
140106,U40338@DOM1,C1515,C612
140304,U40525@DOM1,C17246,C706
140352,U40022@DOM1,C10951,C231
140371,U40674@DOM1,C20165,C1685
140384,U40468@DOM1,C16578,C706
140425,U40550@DOM1,C17500,C457
140448,U40176@DOM1,C13754,C612
140448,U40177@DOM1,C13754,C586
140529,U40859@DOM1,C2908,C231
140565,U40743@DOM1,C2387,C2387
140603,U41036@DOM1,C5353,C1685
140603,U41037@DOM1,C5353,C231
140621,U40469@DOM1,C16653,C359
140662,U40935@DOM1,C3801,C529
140669,U40931@DOM1,C3715,C706
140693,U41036@DOM1,C5353,C231
140693,U41037@DOM1,C5353,C1685
140728,U41119@DOM1,C6442,C1685
140728,U41120@DOM1,C6442,C22651
140733,U40537@DOM1,C17345,C359
140817,U41071@DOM1,C5811,C706
140817,U41071@DOM1,C5811,C5030
140817,U41072@DOM1,C5811,C5030
140841,U41232@DOM1,C9705,C5720
140865,U40299@DOM1,C14818,C706
140865,U40299@DOM1,C14818,C1685
140873,U40057@DOM1,C11827,C467
140873,U40057@DOM1,C11827,C586
140873,U40057@DOM1,C11827,C231
140873,U40058@DOM1,C11827,C467
140873,U40058@DOM1,C11827,C706
140906,U40342@DOM1,C15180,C1685
140913,U40978@DOM1,C4508,C231
140913,U40978@DOM1,C4508,C5030
140930,U40601@DOM1,C1800,C1685
140930,U40602@DOM1,C1800,C706
140939,U40893@DOM1,C3405,C1685
141001,U41208@DOM1,C90,C1685
141028,U40971@DOM1,C436,C706
141038,U40709@DOM1,C22786,C22786
141072,U40010@DOM1,C10611,C1685
141072,U40011@DOM1,C10611,C1685
141126,U40136@DOM1,C13290,C706
141128,U40826@DOM1,C2683,C231
141201,U40266@DOM1,C14551,C5782
141201,U40267@DOM1,C14551,C5782
141232,U40518@DOM1,C17178,C359
141274,U40100@DOM1,C12654,C5030
141275,U41197@DOM1,C881,C1065
141276,U41054@DOM1,C5638,C586
141276,U41054@DOM1,C5638,C1685
141399,U41096@DOM1,C5939,C706
141412,U40669@DOM1,C19897,C467
141412,U40670@DOM1,C19897,C467
141573,U40842@DOM1,C2769,C4025
141602,U40667@DOM1,C1954,C231
141614,U40356@DOM1,C15268,C457
141617,U40655@DOM1,C1905,C706
141617,U40656@DOM1,C1905,C231
141628,U40303@DOM1,C14864,C5030
141661,U40541@DOM1,C17407,C706
141673,U40809@DOM1,C2604,C467
141703,U40207@DOM1,C14186,C612
141723,U41171@DOM1,C7991,C1707
141723,U41172@DOM1,C7991,C1707
141723,U41225@DOM1,C9578,C1685
141774,U40080@DOM1,C12257,C1707
141841,U40994@DOM1,C4618,C467
141845,U40554@DOM1,C17552,C467
141900,U40973@DOM1,C4367,C1685
141900,U40973@DOM1,C4367,C231
141909,U40691@DOM1,C21792,C8972
141909,U40692@DOM1,C21792,C8972
141924,U40374@DOM1,C15403,C231
141961,U41014@DOM1,C502,C706
142013,U40868@DOM1,C3049,C706
142040,U40745@DOM1,C23931,C23931
142059,U40537@DOM1,C17345,C1707
142059,U40537@DOM1,C17345,C1685
142103,U40529@DOM1,C17277,C586
142103,U40529@DOM1,C17277,C457
142125,U41170@DOM1,C7955,C706
142155,U41034@DOM1,C5337,C1065
142218,U40152@DOM1,C13492,C1707
142218,U40152@DOM1,C13492,C706
142228,U40393@DOM1,C15626,C1707
142228,U40394@DOM1,C15626,C5030
142237,U41225@DOM1,C9578,C359
142242,U41160@DOM1,C7426,C2038
142272,U40238@DOM1,C1435,C1685
142279,U40364@DOM1,C15355,C1707
142287,U40980@DOM1,C4517,C231
142287,U40981@DOM1,C4517,C231
142292,U41216@DOM1,C9201,C1685
142352,U40813@DOM1,C2626,C625
142391,U40551@DOM1,C17536,C2174
142502,U40130@DOM1,C13218,C5900
142502,U40130@DOM1,C13218,C359
142535,U40219@DOM1,C1423,C231
142590,U40775@DOM1,C2480,C10561
142607,U40132@DOM1,C13243,C1883
142713,U40649@DOM1,C18345,C1707
142742,U40720@DOM1,C2321,C5030
142783,U40761@DOM1,C24595,C1707
142815,U40318@DOM1,C14938,C706
142815,U40319@DOM1,C14938,C5030
142830,U40538@DOM1,C17365,C1685
142830,U40538@DOM1,C17365,C17365
142843,U41232@DOM1,C9705,C1707
142843,U41233@DOM1,C9705,C1707
142843,U41233@DOM1,C9705,C5720
142888,U40634@DOM1,C18184,C706
142978,U40172@DOM1,C13675,C706
142995,U40174@DOM1,C13717,C706
142995,U40174@DOM1,C13717,C2174
143005,U620@DOM1,C17155,C1707
143005,U40515@DOM1,C17155,C1707
143029,U40134@DOM1,C13287,C706
143029,U40135@DOM1,C13287,C1707
143054,U40028@DOM1,C1102,C2109
143069,U40854@DOM1,C2850,C359
143072,U40760@DOM1,C2459,C5030
143139,U41226@DOM1,C9578,C586
143166,U40812@DOM1,C2626,C612
143180,U40776@DOM1,C24806,C1707
143186,U40141@DOM1,C13316,C706
143189,U40383@DOM1,C15526,C1707
143235,U40123@DOM1,C13018,C1707
143316,U40112@DOM1,C12745,C612
143316,U40112@DOM1,C12745,C586
143383,U40381@DOM1,C15450,C231
143406,U40839@DOM1,C2758,C706
143406,U40936@DOM1,C3863,C612
143406,U40937@DOM1,C3863,C612
143412,U40071@DOM1,C12106,C1707
143414,U40052@DOM1,C1167,C1953
143414,U40053@DOM1,C1167,C1953
143417,U40215@DOM1,C14216,C612
143418,U41138@DOM1,C6937,C585
143418,U41139@DOM1,C6937,C585
143454,U40708@DOM1,C2278,C1685
143529,U40509@DOM1,C17082,C5030
143530,U40534@DOM1,C17322,C231
143530,U40535@DOM1,C17322,C231
143550,U40220@DOM1,C1423,C467
143631,U40215@DOM1,C14216,C1707
143631,U40215@DOM1,C14216,C529
143634,U40216@DOM1,C14225,C1707
143676,U40645@DOM1,C18304,C1685
143714,U40950@DOM1,C4112,C231
143714,U40951@DOM1,C4112,C231
143714,U40977@DOM1,C4412,C1707
143719,U636@DOM1,C10713,C5030
143719,U636@DOM1,C10713,C231
143719,U636@DOM1,C10713,C3812
143768,U40285@DOM1,C14700,C5030
143960,U40926@DOM1,C3664,C5030
143960,U40926@DOM1,C3664,C231
143995,U40451@DOM1,C16204,C5030
144026,U40175@DOM1,C13726,C467
144065,U40769@DOM1,C24710,C1685
144065,U40770@DOM1,C24710,C1707
144079,U40131@DOM1,C13218,C359
144100,U40269@DOM1,C14589,C231
144110,U40948@DOM1,C409,C1685
144118,U40649@DOM1,C18345,C359
144161,U40131@DOM1,C13218,C5900
144238,U40924@DOM1,C366,C706
144306,U40317@DOM1,C1493,C706
144364,U41149@DOM1,C709,C5030
144366,U41056@DOM1,C5763,C9884
144430,U40556@DOM1,C17614,C586
144430,U40557@DOM1,C17614,C586
144501,U40271@DOM1,C14592,C528
144606,U40072@DOM1,C12111,C706
144607,U40168@DOM1,C13638,C1685
144612,U40876@DOM1,C3163,C706
144612,U40876@DOM1,C3163,C1707
144715,U40545@DOM1,C17465,C1707
144738,U40911@DOM1,C3554,C1685
144812,U40350@DOM1,C15218,C231
144868,U40020@DOM1,C10904,C1685
144901,U40689@DOM1,C2166,C1003
144901,U40690@DOM1,C2166,C1003
144947,U40288@DOM1,C14744,C706
144947,U40288@DOM1,C14744,C1707
144947,U40289@DOM1,C14744,C1707
144961,U40128@DOM1,C13183,C743
144961,U40128@DOM1,C13183,C457
144994,U40059@DOM1,C11885,C706
145027,U41224@DOM1,C9535,C706
145106,U41064@DOM1,C5788,C359
145106,U41064@DOM1,C5788,C1685
145170,U40229@DOM1,C14280,C1685
145170,U40230@DOM1,C14280,C1685
145227,U40840@DOM1,C2760,C706
145230,U40303@DOM1,C14864,C1685
145260,U40035@DOM1,C11161,C5030
145307,U41225@DOM1,C9578,C706
145307,U41226@DOM1,C9578,C1685
145316,U40877@DOM1,C3165,C612
145452,U6115@DOM1,C12147,C231
145452,U6115@DOM1,C12147,C1707
145504,U41111@DOM1,C6346,C706
145539,U40103@DOM1,C12682,C5721
145599,U41038@DOM1,C5358,C1707
145729,U40691@DOM1,C21792,C11580
145737,U40032@DOM1,C11114,C529
145752,U40414@DOM1,C15802,C1707
145815,U40405@DOM1,C15722,C612
145816,U40367@DOM1,C15382,C3664
145816,U40368@DOM1,C15382,C3664
145844,U41225@DOM1,C9578,C1707
145844,U41226@DOM1,C9578,C359
145845,U41240@DOM1,C992,C706
145849,U40288@DOM1,C14744,C2174
145849,U40289@DOM1,C14744,C231
145849,U40289@DOM1,C14744,C706
145900,U40505@DOM1,C17065,C1685
145923,U40315@DOM1,C14917,C706
145945,U40813@DOM1,C2626,C467
145972,U40804@DOM1,C2573,C1065
145972,U40805@DOM1,C2573,C1065
145991,U40639@DOM1,C18255,C1685
145995,U41195@DOM1,C8774,C5030
145996,U40748@DOM1,C24057,C24057
146102,U40162@DOM1,C13574,C5030
146106,U41121@DOM1,C6503,C625
146106,U41122@DOM1,C6503,C625
146150,U40844@DOM1,C2772,C5030
146155,U40327@DOM1,C15005,C5136
146193,U40881@DOM1,C3235,C231
146215,U40288@DOM1,C14744,C467
146224,U40509@DOM1,C17082,C706
146235,U40791@DOM1,C25129,C1883
146235,U40791@DOM1,C25129,C1707
146235,U40792@DOM1,C25129,C1707
146235,U40792@DOM1,C25129,C1883
146255,U40938@DOM1,C3869,C5030
146339,U41063@DOM1,C5785,C359
146391,U40770@DOM1,C24710,C5730
146406,U41222@DOM1,C9426,C706
146454,U40319@DOM1,C14938,C359
146488,U40327@DOM1,C15005,C5030
146523,U40186@DOM1,C13911,C231
146524,U40470@DOM1,C16675,C1883
146560,U40795@DOM1,C2514,C706
146560,U40796@DOM1,C2514,C706
146565,U40465@DOM1,C16520,C706
146565,U40465@DOM1,C16520,C585
146579,U41155@DOM1,C7298,C5364
146763,U40555@DOM1,C17553,C5900
146763,U40555@DOM1,C17553,C1707
146806,U40422@DOM1,C15914,C586
146840,U40961@DOM1,C4233,C231
146877,U41198@DOM1,C881,C1065
146901,U40465@DOM1,C16520,C231
146929,U40203@DOM1,C14121,C706
146977,U40823@DOM1,C2668,C4222
146992,U40318@DOM1,C14938,C359
146992,U40318@DOM1,C14938,C5030
146992,U40319@DOM1,C14938,C706
147039,U40551@DOM1,C17536,C706
147067,U41006@DOM1,C484,C231
147067,U41006@DOM1,C484,C1065
147085,U40654@DOM1,C19,C1707
147096,U40193@DOM1,C13988,C231
147142,U40138@DOM1,C13303,C528
147195,U40418@DOM1,C15843,C706
147195,U40419@DOM1,C15843,C706
147260,U40176@DOM1,C13754,C529
147332,U40553@DOM1,C1754,C1707
147332,U40553@DOM1,C1754,C706
147346,U40103@DOM1,C12682,C231
147376,U40387@DOM1,C15604,C231
147486,U40161@DOM1,C1357,C467
147534,U748@DOM1,C23804,C359
147534,U40741@DOM1,C23804,C359
147570,U40663@DOM1,C194,C1707
147583,U40183@DOM1,C13907,C706
147655,U41206@DOM1,C8958,C5030
147663,U40476@DOM1,C16711,C1883
147663,U40477@DOM1,C16711,C1883
147663,U40725@DOM1,C23396,C5900
147663,U40725@DOM1,C23396,C1883
147665,U41210@DOM1,C9063,C359
147684,U40753@DOM1,C2428,C5030
147690,U40261@DOM1,C14527,C706
147701,U40969@DOM1,C4297,C706
147723,U40023@DOM1,C10952,C1685
147743,U40802@DOM1,C2548,C231
147743,U40802@DOM1,C2548,C528
147820,U40073@DOM1,C12135,C5720
147820,U40074@DOM1,C12135,C5720
147825,U40559@DOM1,C17680,C4222
147863,U40421@DOM1,C15913,C359
147877,U40932@DOM1,C3715,C706
147887,U40244@DOM1,C14445,C231
147935,U40288@DOM1,C14744,C231
147935,U40289@DOM1,C14744,C2174
147935,U40289@DOM1,C14744,C467
147935,U40807@DOM1,C2584,C612
147939,U40154@DOM1,C13519,C5720
148005,U41156@DOM1,C7298,C14258
148036,U40169@DOM1,C13661,C231
148038,U40561@DOM1,C17682,C706
148077,U40154@DOM1,C13519,C625
148080,U40176@DOM1,C13754,C586
148080,U40176@DOM1,C13754,C1685
148080,U40177@DOM1,C13754,C1685
148080,U40177@DOM1,C13754,C529
148080,U40251@DOM1,C14488,C2109
148105,U40694@DOM1,C22226,C1707
148170,U41187@DOM1,C8540,C222
148170,U41188@DOM1,C8540,C222
148177,U40701@DOM1,C22479,C22479
148224,U40729@DOM1,C23679,C23942
148224,U40730@DOM1,C23679,C23942
148294,U40996@DOM1,C4643,C5720
148294,U40996@DOM1,C4643,C1685
148305,U40975@DOM1,C4377,C612
148305,U40975@DOM1,C4377,C706
148319,U40700@DOM1,C22467,C1883
148319,U40700@DOM1,C22467,C1707
148414,U40049@DOM1,C11650,C11498
148425,U40972@DOM1,C4367,C5030
148448,U40177@DOM1,C13754,C612
148505,U40200@DOM1,C14053,C706
148511,U40713@DOM1,C2299,C231
148521,U41186@DOM1,C8483,C1503
148521,U41186@DOM1,C8483,C742
148527,U40555@DOM1,C17553,C1685
148634,U40773@DOM1,C2475,C1707
148641,U40798@DOM1,C253,C5030
148641,U40799@DOM1,C253,C706
148668,U40512@DOM1,C17090,C231
148668,U40512@DOM1,C17090,C706
148693,U40455@DOM1,C16247,C1707
148693,U40456@DOM1,C16247,C706
148713,U41023@DOM1,C5154,C5136
148713,U41023@DOM1,C5154,C1685
148762,U41145@DOM1,C7040,C5782
148762,U41146@DOM1,C7040,C5782
148772,U41052@DOM1,C5635,C1707
148772,U41053@DOM1,C5635,C1707
148785,U40369@DOM1,C15394,C706
148785,U40370@DOM1,C15394,C1707
148785,U40370@DOM1,C15394,C231
148878,U40280@DOM1,C14678,C467
148878,U40281@DOM1,C14678,C5030
149013,U40994@DOM1,C4618,C1685
149013,U40994@DOM1,C4618,C706
149013,U40994@DOM1,C4618,C1707
149013,U40995@DOM1,C4618,C706
149013,U40995@DOM1,C4618,C5030
149065,U41224@DOM1,C9535,C5721
149065,U41224@DOM1,C9535,C754
149133,U41019@DOM1,C5111,C1685
149190,U41226@DOM1,C9578,C1707
149199,U40126@DOM1,C13124,C706
149199,U40126@DOM1,C13124,C231
149260,U40170@DOM1,C13667,C706
149372,U40226@DOM1,C14253,C1707
149374,U40213@DOM1,C14204,C231
149374,U40213@DOM1,C14204,C1707
149449,U40866@DOM1,C3044,C1707
149449,U40866@DOM1,C3044,C231
149483,U41133@DOM1,C6857,C529
149499,U41216@DOM1,C9201,C1707
149509,U41232@DOM1,C9705,C706
149509,U41233@DOM1,C9705,C5030
149509,U41233@DOM1,C9705,C706
149514,U40728@DOM1,C23640,C1685
149538,U41096@DOM1,C5939,C612
149544,U40482@DOM1,C16828,C3812
149544,U40483@DOM1,C16828,C3812
149905,U41067@DOM1,C5794,C231
149927,U41041@DOM1,C5461,C5030
149927,U41042@DOM1,C5461,C706
149954,U40536@DOM1,C17338,C1707
149963,U41116@DOM1,C64,C231
149963,U41116@DOM1,C64,C1065
149963,U41116@DOM1,C64,C5030
149971,U40165@DOM1,C13629,C529
149975,U41067@DOM1,C5794,C528
149982,U40658@DOM1,C19131,C19131
150007,U40764@DOM1,C24637,C1707
150007,U40764@DOM1,C24637,C3028
150047,U40455@DOM1,C16247,C625
150062,U40315@DOM1,C14917,C359
150134,U40461@DOM1,C1645,C5030
150168,U40283@DOM1,C14692,C586
150193,U40352@DOM1,C15235,C528
150193,U40353@DOM1,C15235,C612
150195,U40353@DOM1,C15235,C625
150251,U40838@DOM1,C2749,C1685
150298,U40209@DOM1,C14190,C1685
150306,U40257@DOM1,C14519,C5030
150332,U41232@DOM1,C9705,C5030
150342,U40461@DOM1,C1645,C706
150361,U40212@DOM1,C14202,C467
150411,U40502@DOM1,C17043,C706
150411,U40503@DOM1,C17043,C706
150470,U40480@DOM1,C16825,C706
150470,U40480@DOM1,C16825,C231
150470,U40481@DOM1,C16825,C706
150470,U40481@DOM1,C16825,C529
150562,U40638@DOM1,C1823,C26873
150606,U40464@DOM1,C16520,C585
150727,U1723@DOM1,C16490,C706
150727,U1723@DOM1,C16490,C743
150777,U40159@DOM1,C13539,C586
150838,U40695@DOM1,C2229,C231
150885,U620@DOM1,C17693,C1003
150984,U40258@DOM1,C14519,C231
151021,U41178@DOM1,C831,C1707
151021,U41179@DOM1,C831,C5030
151021,U41179@DOM1,C831,C706
151036,U748@DOM1,C17693,C305
151088,U40189@DOM1,C13948,C528
151099,U40719@DOM1,C2320,C467
151161,U40021@DOM1,C10925,C528
151182,U40129@DOM1,C13190,C12837
151302,U40914@DOM1,C3591,C706
151302,U40915@DOM1,C3591,C5030
151443,U40913@DOM1,C3587,C1707
151443,U40913@DOM1,C3587,C706
151470,U40925@DOM1,C366,C231
151510,U40928@DOM1,C3666,C529
151569,U40994@DOM1,C4618,C231
151589,U40264@DOM1,C14540,C1707
151648,U748@DOM1,C17693,C728
151670,U40280@DOM1,C14678,C5030
151670,U40281@DOM1,C14678,C467
151768,U40243@DOM1,C14445,C528
151768,U40243@DOM1,C14445,C612
151780,U40988@DOM1,C4559,C706
151908,U40712@DOM1,C22976,C1685
151946,U40941@DOM1,C3990,C5030
151952,U40719@DOM1,C2320,C5136
151993,U6115@DOM1,C17693,C1173
152007,U40329@DOM1,C15007,C1685
152095,U40914@DOM1,C3591,C5030
152095,U40915@DOM1,C3591,C706
152106,U40002@DOM1,C10116,C1065
152106,U40003@DOM1,C10116,C1065
152133,U40848@DOM1,C282,C586
152140,U40865@DOM1,C3030,C706
152144,U40287@DOM1,C14713,C529
152144,U40287@DOM1,C14713,C1685
152152,U40336@DOM1,C15129,C467
152174,U40299@DOM1,C14818,C5030
152174,U40300@DOM1,C14818,C231
152174,U41241@DOM1,C9921,C5030
152242,U41132@DOM1,C6857,C231
152242,U41133@DOM1,C6857,C231
152272,U40227@DOM1,C14266,C1685
152410,U40173@DOM1,C13717,C1707
152462,U40550@DOM1,C17500,C706
152462,U40550@DOM1,C17500,C467
152483,U40843@DOM1,C2769,C1533
152797,U40756@DOM1,C2436,C231
152854,U40539@DOM1,C17400,C231
152879,U41092@DOM1,C5909,C2109
152944,U40906@DOM1,C354,C706
152944,U40906@DOM1,C354,C1707
152998,U41114@DOM1,C6367,C706
153058,U40251@DOM1,C14488,C612
153104,U40763@DOM1,C24637,C1685
153104,U40763@DOM1,C24637,C2091
153263,U41092@DOM1,C5909,C612
153354,U40394@DOM1,C15626,C2651
153538,U40166@DOM1,C13631,C359
153609,U41222@DOM1,C9426,C625
153636,U40065@DOM1,C12016,C5900
153643,U40562@DOM1,C17682,C5030
153677,U40204@DOM1,C14122,C612
153684,U40817@DOM1,C2662,C529
153684,U40818@DOM1,C2662,C529
153711,U41161@DOM1,C768,C1065
153711,U41162@DOM1,C768,C706
153786,U40469@DOM1,C16653,C706
153792,U636@DOM1,C17693,C294
153840,U41115@DOM1,C6367,C1707
153857,U40695@DOM1,C2229,C457
153877,U40225@DOM1,C14253,C1707
153878,U40824@DOM1,C26717,C1707
153878,U40824@DOM1,C26717,C1685
153878,U40824@DOM1,C26717,C1883
153882,U40343@DOM1,C15187,C5030
153882,U40343@DOM1,C15187,C1065
153882,U40344@DOM1,C15187,C529
153882,U40344@DOM1,C15187,C5030
153884,U40344@DOM1,C15187,C1065
153884,U40344@DOM1,C15187,C612
153909,U40803@DOM1,C2548,C5030
153939,U41240@DOM1,C992,C4222
153955,U40412@DOM1,C15767,C706
153984,U40461@DOM1,C1645,C231
154129,U40161@DOM1,C1357,C1685
154160,U40960@DOM1,C4232,C22529
154185,U41215@DOM1,C920,C528
154313,U40878@DOM1,C3165,C529
154342,U40268@DOM1,C14557,C5030
154342,U40268@DOM1,C14557,C706
154380,U40251@DOM1,C14488,C1065
154392,U40898@DOM1,C3457,C1707
154396,U40322@DOM1,C14984,C528
154398,U40352@DOM1,C15235,C1261
154398,U40353@DOM1,C15235,C529
154398,U40353@DOM1,C15235,C528
154413,U40148@DOM1,C13431,C5030
154475,U41022@DOM1,C515,C5030
154534,U40264@DOM1,C14540,C5030
154557,U40301@DOM1,C14856,C5030
154557,U40302@DOM1,C14856,C706
154721,U40355@DOM1,C15268,C231
154721,U40355@DOM1,C15268,C359
154759,U40022@DOM1,C10951,C2162
154898,U40369@DOM1,C15394,C5030
154898,U40381@DOM1,C15450,C2174
154907,U40054@DOM1,C11743,C1685
154907,U40055@DOM1,C11743,C1685
154912,U40456@DOM1,C16247,C1707
154952,U40968@DOM1,C4297,C706
154967,U40992@DOM1,C4616,C231
154967,U40992@DOM1,C4616,C706
155029,U40313@DOM1,C14907,C1707
155029,U40313@DOM1,C14907,C1065
155029,U40314@DOM1,C14907,C625
155068,U40651@DOM1,C18636,C1707
155219,U748@DOM1,C17693,C5693
155294,U41059@DOM1,C5774,C1685
155344,U41157@DOM1,C7312,C231
155345,U40940@DOM1,C3906,C231
155399,U748@DOM1,C17693,C152
155423,U40181@DOM1,C13898,C5030
155460,U748@DOM1,C17693,C2341
155489,U41089@DOM1,C5893,C2109
155551,U40284@DOM1,C14700,C231
155551,U40284@DOM1,C14700,C1685
155589,U40311@DOM1,C14903,C1685
155589,U40311@DOM1,C14903,C231
155591,U748@DOM1,C17693,C332
155616,U40971@DOM1,C436,C1685
155633,U40973@DOM1,C4367,C22529
155718,U40546@DOM1,C1748,C5030
155720,U41184@DOM1,C843,C1707
155794,U40634@DOM1,C18184,C18184
155795,U40962@DOM1,C4254,C743
155987,U40661@DOM1,C1936,C2079
156006,U40959@DOM1,C4232,C22529
156013,U40884@DOM1,C3260,C2109
156026,U40298@DOM1,C14809,C706
156206,U40459@DOM1,C16397,C706
156206,U40459@DOM1,C16397,C5640
156242,U40841@DOM1,C2760,C706
156279,U40389@DOM1,C15609,C706
156297,U40398@DOM1,C15644,C5030
156300,U41078@DOM1,C5834,C706
156346,U40206@DOM1,C14179,C706
156486,U41079@DOM1,C5834,C586
156509,U40241@DOM1,C14425,C1707
156515,U41078@DOM1,C5834,C467
156573,U40118@DOM1,C1295,C586
156588,U40799@DOM1,C253,C5030
156602,U41076@DOM1,C5828,C706
156602,U41077@DOM1,C5828,C231
156658,U748@DOM1,C17693,C4280
156707,U41216@DOM1,C9201,C1883
156844,U40504@DOM1,C17055,C1685
156864,U40114@DOM1,C12766,C529
157048,U40252@DOM1,C14494,C359
157194,U41234@DOM1,C9715,C231
157201,U40536@DOM1,C17338,C5640
157218,U40223@DOM1,C14247,C706
157218,U40224@DOM1,C14247,C754
157236,U41061@DOM1,C5782,C10293
157236,U41061@DOM1,C5782,C23722
157236,U41061@DOM1,C5782,C16062
157236,U41061@DOM1,C5782,C18234
157254,U40248@DOM1,C14477,C231
157254,U40249@DOM1,C14477,C1707
157274,U40122@DOM1,C1300,C586
157311,U40860@DOM1,C2989,C529
157398,U40086@DOM1,C12393,C5030
157398,U40087@DOM1,C12393,C231
157398,U40094@DOM1,C12427,C612
157416,U40328@DOM1,C15007,C467
157420,U40563@DOM1,C17731,C231
157420,U40563@DOM1,C17731,C706
157443,U40786@DOM1,C2496,C231
157483,U40037@DOM1,C11315,C706
157570,U40807@DOM1,C2584,C1707
157584,U40745@DOM1,C23931,C1208
157584,U40746@DOM1,C23931,C1707
157609,U40044@DOM1,C11455,C706
157626,U40231@DOM1,C14296,C359
157729,U40896@DOM1,C3444,C612
157729,U40896@DOM1,C3444,C586
157773,U40506@DOM1,C17076,C754
157773,U40506@DOM1,C17076,C2174
157773,U40507@DOM1,C17076,C231
157776,U40506@DOM1,C17076,C231
157877,U40733@DOM1,C23724,C1685
157877,U40734@DOM1,C23724,C1685
157880,U40279@DOM1,C14657,C467
157918,U40921@DOM1,C3629,C5030
157931,U40159@DOM1,C13539,C5030
157951,U41135@DOM1,C6897,C231
157957,U40508@DOM1,C17082,C706
158049,U40106@DOM1,C12707,C612
158049,U40107@DOM1,C12707,C529
158049,U40107@DOM1,C12707,C706
158056,U41149@DOM1,C709,C231
158256,U41029@DOM1,C5279,C706
158281,U40380@DOM1,C15445,C231
158284,U40558@DOM1,C17660,C1685
158317,U40897@DOM1,C3451,C754
158429,U40979@DOM1,C4513,C231
158429,U40979@DOM1,C4513,C706
158437,U40679@DOM1,C20312,C1685
158437,U40679@DOM1,C20312,C1707
158439,U40369@DOM1,C15394,C231
158439,U40370@DOM1,C15394,C706
158511,U40934@DOM1,C375,C706
158514,U40056@DOM1,C11768,C586
158555,U40969@DOM1,C4297,C231
158633,U40313@DOM1,C14907,C231
158659,U40292@DOM1,C14777,C706
158851,U40007@DOM1,C10529,C4407
158861,U40913@DOM1,C3587,C1065
158865,U40275@DOM1,C14640,C706
159009,U41039@DOM1,C5381,C625
159009,U41040@DOM1,C5381,C625
159023,U41218@DOM1,C9219,C441
159032,U41073@DOM1,C5817,C1707
159032,U41074@DOM1,C5817,C5782
159032,U41074@DOM1,C5817,C1707
159100,U40410@DOM1,C15753,C529
159103,U41001@DOM1,C4722,C706
159230,U41073@DOM1,C5817,C5782
159302,U40634@DOM1,C18184,C231
159336,U40017@DOM1,C10713,C5030
159461,U40706@DOM1,C22724,C4872
159479,U40854@DOM1,C2850,C612
159623,U40921@DOM1,C3629,C1707
159625,U40907@DOM1,C3544,C231
159625,U40908@DOM1,C3544,C528
159625,U40908@DOM1,C3544,C1707
159646,U40194@DOM1,C14014,C1707
159646,U40194@DOM1,C14014,C1685
159894,U41095@DOM1,C5913,C1685
159894,U41095@DOM1,C5913,C625
159954,U41157@DOM1,C7312,C706
159954,U41157@DOM1,C7312,C1707
159954,U41158@DOM1,C7312,C1707
159970,U41163@DOM1,C7863,C706
159991,U40747@DOM1,C23942,C23679
160010,U41094@DOM1,C5913,C1685
160010,U41095@DOM1,C5913,C1065
160119,U40838@DOM1,C2749,C706
160236,U41022@DOM1,C515,C231
160377,U41204@DOM1,C8951,C5782
160377,U41205@DOM1,C8951,C5782
160399,U40090@DOM1,C12414,C706
160399,U40090@DOM1,C12414,C231
160422,U40466@DOM1,C1653,C1200
160443,U40581@DOM1,C1787,C706
160457,U40062@DOM1,C11917,C1707
160522,U41004@DOM1,C4835,C231
160522,U41005@DOM1,C4835,C706
160548,U40124@DOM1,C13023,C1707
160558,U40844@DOM1,C2772,C1883
160602,U41194@DOM1,C8768,C5782
160603,U41194@DOM1,C8768,C26517
160723,U40382@DOM1,C15498,C5030
160763,U40117@DOM1,C12943,C528
160795,U41231@DOM1,C9696,C706
160826,U40726@DOM1,C23412,C359
160826,U40727@DOM1,C23412,C359
160826,U40727@DOM1,C23412,C1685
160851,U40366@DOM1,C15370,C612
160851,U40366@DOM1,C15370,C1685
160861,U40091@DOM1,C12423,C231
160937,U40997@DOM1,C4651,C586
160980,U40685@DOM1,C21561,C21561
161084,U40061@DOM1,C1191,C419
161121,U41088@DOM1,C5892,C457
161121,U41088@DOM1,C5892,C1685
161170,U40037@DOM1,C11315,C231
161174,U40813@DOM1,C2626,C743
161226,U40854@DOM1,C2850,C231
161380,U40858@DOM1,C2893,C231
161626,U40304@DOM1,C14866,C586
161626,U40304@DOM1,C14866,C231
161804,U40880@DOM1,C3204,C467
161874,U40996@DOM1,C4643,C231
161916,U40189@DOM1,C13948,C5030
161926,U40380@DOM1,C15445,C529
161941,U40355@DOM1,C15268,C706
161980,U40158@DOM1,C13539,C1707
162067,U40750@DOM1,C24113,C1883
162067,U40751@DOM1,C24113,C1883
162108,U40430@DOM1,C16054,C359
162126,U40031@DOM1,C1108,C1685
162152,U41168@DOM1,C7954,C1685
162152,U41168@DOM1,C7954,C1707
162152,U41169@DOM1,C7954,C1707
162152,U41169@DOM1,C7954,C1685
162343,U40844@DOM1,C2772,C706
162343,U40845@DOM1,C2772,C706
162375,U40564@DOM1,C17733,C1685
162375,U40565@DOM1,C17733,C1685
162433,U40173@DOM1,C13717,C231
162433,U40174@DOM1,C13717,C1707
162476,U40901@DOM1,C3468,C625
162476,U40901@DOM1,C3468,C529
162476,U40901@DOM1,C3468,C457
162541,U40182@DOM1,C13898,C448
162546,U41017@DOM1,C5045,C5030
162567,U40341@DOM1,C15180,C231
162567,U40341@DOM1,C15180,C1685
162812,U40350@DOM1,C15218,C1685
162812,U40351@DOM1,C15218,C1685
162844,U40218@DOM1,C14229,C529
162851,U40971@DOM1,C436,C467
162859,U40787@DOM1,C25022,C1685
162895,U40643@DOM1,C18282,C706
162895,U40643@DOM1,C18282,C528
162911,U40525@DOM1,C17246,C5030
162922,U40167@DOM1,C13631,C706
162961,U40198@DOM1,C14049,C231
162961,U40199@DOM1,C14049,C706
162968,U40685@DOM1,C21561,C1685
163016,U40284@DOM1,C14700,C467
163063,U40163@DOM1,C13583,C706
163063,U40163@DOM1,C13583,C1707
163210,U40472@DOM1,C1669,C5030
163238,U40106@DOM1,C12707,C706
163273,U40900@DOM1,C3468,C625
163282,U40997@DOM1,C4651,C706
163384,U40137@DOM1,C13303,C1707
163447,U40494@DOM1,C16957,C1707
163507,U40686@DOM1,C2159,C5030
163728,U41006@DOM1,C484,C706
163745,U41098@DOM1,C6037,C231
163819,U40799@DOM1,C253,C467
163928,U40280@DOM1,C14678,C1707
163929,U40031@DOM1,C1108,C706
163946,U40654@DOM1,C19,C612
163994,U41046@DOM1,C549,C1685
164093,U41184@DOM1,C843,C231
164093,U41184@DOM1,C843,C5136
164109,U40106@DOM1,C12707,C529
164109,U40107@DOM1,C12707,C231
164196,U40924@DOM1,C366,C5030
164218,U40250@DOM1,C14483,C706
164327,U40726@DOM1,C23412,C1685
164451,U41235@DOM1,C9715,C1685
164630,U40086@DOM1,C12393,C231
164630,U40086@DOM1,C12393,C625
164660,U40788@DOM1,C25022,C5698
165022,U40044@DOM1,C11455,C586
165061,U40263@DOM1,C1453,C528
165078,U40756@DOM1,C2436,C706
165388,U40115@DOM1,C12845,C1685
165418,U40757@DOM1,C2438,C706
165418,U40757@DOM1,C2438,C1867
165456,U41178@DOM1,C831,C231
165456,U41178@DOM1,C831,C706
165456,U41179@DOM1,C831,C1707
165500,U40900@DOM1,C3468,C457
165555,U40037@DOM1,C11315,C528
165555,U40038@DOM1,C11315,C1685
165613,U40966@DOM1,C4271,C5030
165615,U40435@DOM1,C16067,C1707
165726,U40255@DOM1,C14510,C706
165781,U40429@DOM1,C16054,C359
165890,U40382@DOM1,C15498,C706
165890,U40382@DOM1,C15498,C231
165949,U41217@DOM1,C9201,C1707
165949,U41217@DOM1,C9201,C9201
165950,U40542@DOM1,C17412,C706
165971,U40542@DOM1,C17412,C231
166002,U40962@DOM1,C4254,C706
166055,U41175@DOM1,C8133,C612
166055,U41175@DOM1,C8133,C457
166142,U40236@DOM1,C14343,C1685
166198,U40601@DOM1,C1800,C231
166216,U40848@DOM1,C282,C231
166276,U41045@DOM1,C549,C1685
166276,U41046@DOM1,C549,C706
166622,U41079@DOM1,C5834,C528
166642,U41079@DOM1,C5834,C467
166649,U40956@DOM1,C421,C231
166931,U41164@DOM1,C7904,C1685
166931,U41165@DOM1,C7904,C706
166974,U41078@DOM1,C5834,C586
166998,U40223@DOM1,C14247,C1685
167009,U41162@DOM1,C768,C231
167024,U40510@DOM1,C17083,C706
167029,U40662@DOM1,C1936,C2079
167033,U41156@DOM1,C7298,C11145
167062,U40075@DOM1,C12147,C1707
167081,U40540@DOM1,C17407,C1707
167081,U41092@DOM1,C5909,C586
167086,U40998@DOM1,C4653,C1685
167179,U40206@DOM1,C14179,C231
167469,U40766@DOM1,C2464,C5030
167469,U40766@DOM1,C2464,C706
167488,U41240@DOM1,C992,C586
167521,U41045@DOM1,C549,C586
167521,U41045@DOM1,C549,C706
167531,U40728@DOM1,C23640,C1707
167624,U40903@DOM1,C3496,C5030
167624,U40903@DOM1,C3496,C231
167651,U40940@DOM1,C3906,C706
167667,U40501@DOM1,C17023,C706
167780,U40005@DOM1,C10430,C706
167780,U40006@DOM1,C10430,C1707
167866,U40938@DOM1,C3869,C1707
167874,U40007@DOM1,C10529,C457
167973,U41015@DOM1,C5037,C5030
168027,U40041@DOM1,C11346,C706
168027,U40041@DOM1,C11346,C5030
168038,U40891@DOM1,C3380,C25295
168097,U41000@DOM1,C4693,C5030
168198,U40094@DOM1,C12427,C706
168311,U40085@DOM1,C12360,C231
168377,U40812@DOM1,C2626,C231
168389,U40942@DOM1,C4015,C706
168389,U40943@DOM1,C4015,C1707
168398,U41214@DOM1,C920,C529
168398,U41215@DOM1,C920,C529
168419,U40861@DOM1,C3021,C2436
168458,U40263@DOM1,C1453,C231
168611,U40285@DOM1,C14700,C706
168640,U40438@DOM1,C16070,C625
168727,U40437@DOM1,C16070,C612
168727,U40437@DOM1,C16070,C625
168727,U40438@DOM1,C16070,C612
168807,U40644@DOM1,C18282,C528
168936,U40754@DOM1,C2431,C1707
169005,U40983@DOM1,C453,C1685
169059,U41209@DOM1,C902,C231
169200,U40674@DOM1,C20165,C4679
169200,U40675@DOM1,C20165,C20165
169218,U40436@DOM1,C16067,C1707
169240,U40211@DOM1,C14202,C1065
169240,U40212@DOM1,C14202,C231
169288,U40272@DOM1,C14619,C625
169371,U40743@DOM1,C2387,C467
169371,U40744@DOM1,C2387,C2387
169371,U40744@DOM1,C2387,C467
169440,U41220@DOM1,C9345,C586
169440,U41221@DOM1,C9345,C586
169551,U40954@DOM1,C4165,C1707
169590,U40682@DOM1,C20731,C27027
169619,U40247@DOM1,C14476,C529
169619,U40247@DOM1,C14476,C2109
169676,U40861@DOM1,C3021,C5030
169679,U40008@DOM1,C10529,C467
169770,U40191@DOM1,C13960,C1707
169857,U40205@DOM1,C14139,C528
169872,U40280@DOM1,C14678,C1065
169927,U40711@DOM1,C22976,C1707
169955,U41127@DOM1,C6758,C585
170041,U40808@DOM1,C2584,C231
170051,U40890@DOM1,C3374,C5030
170086,U40340@DOM1,C15160,C1685
170121,U41080@DOM1,C5855,C1707
170121,U41081@DOM1,C5855,C1707
170123,U41051@DOM1,C5583,C1685
170156,U40307@DOM1,C14870,C467
170158,U41189@DOM1,C855,C1707
170158,U41189@DOM1,C855,C1065
170196,U40962@DOM1,C4254,C1707
170212,U41127@DOM1,C6758,C5030
170266,U40819@DOM1,C26652,C1685
170427,U40867@DOM1,C3044,C5030
170488,U40638@DOM1,C1823,C2803
170653,U40879@DOM1,C3198,C5030
170864,U41209@DOM1,C902,C1707
170894,U40566@DOM1,C17738,C467
170894,U40566@DOM1,C17738,C1065
171015,U40029@DOM1,C1102,C2109
171042,U40566@DOM1,C17738,C2109
171042,U40566@DOM1,C17738,C612
171104,U40745@DOM1,C23931,C1707
171104,U40746@DOM1,C23931,C1208
171104,U40746@DOM1,C23931,C23931
171142,U41177@DOM1,C8147,C1685
171208,U41133@DOM1,C6857,C2109
171324,U41223@DOM1,C9426,C706
171336,U40238@DOM1,C1435,C706
171357,U40801@DOM1,C2545,C3561
171357,U40801@DOM1,C2545,C4420
171379,U40316@DOM1,C14917,C5030
171379,U40316@DOM1,C14917,C706
171382,U40006@DOM1,C10430,C231
171485,U41075@DOM1,C5827,C1685
171508,U40302@DOM1,C14856,C5030
171528,U40050@DOM1,C11658,C5030
171528,U40051@DOM1,C11658,C5030
171543,U40682@DOM1,C20731,C5782
171570,U40420@DOM1,C159,C231
171595,U41231@DOM1,C9696,C529
171687,U40256@DOM1,C14510,C706
171717,U40552@DOM1,C1754,C1707
171722,U40999@DOM1,C4693,C5030
171779,U40301@DOM1,C14856,C706
171779,U40301@DOM1,C14856,C359
171779,U40302@DOM1,C14856,C359
171956,U41178@DOM1,C831,C5030
171976,U40857@DOM1,C2871,C231
171977,U40644@DOM1,C18282,C467
172045,U41173@DOM1,C806,C1685
172045,U41174@DOM1,C806,C231
172067,U40855@DOM1,C2852,C706
172071,U40929@DOM1,C3694,C231
172143,U40085@DOM1,C12360,C586
172152,U40460@DOM1,C1645,C5030
172379,U40681@DOM1,C2038,C1685
172402,U40169@DOM1,C13661,C5030
172411,U40096@DOM1,C1243,C231
172504,U40836@DOM1,C274,C5030
172553,U40279@DOM1,C14657,C5136
172574,U41162@DOM1,C768,C5030
172596,U40322@DOM1,C14984,C625
172685,U41054@DOM1,C5638,C706
172741,U40258@DOM1,C14519,C5030
172741,U40258@DOM1,C14519,C22529
172862,U40120@DOM1,C1299,C2483
172892,U40333@DOM1,C15114,C1707
172892,U40333@DOM1,C15114,C1685
172897,U40663@DOM1,C194,C5588
172962,U40554@DOM1,C17552,C1685
173051,U40022@DOM1,C10951,C706
173057,U40543@DOM1,C17437,C5030
173057,U40544@DOM1,C17437,C1707
173119,U40180@DOM1,C13883,C1003
173185,U40952@DOM1,C4131,C5030
173216,U41024@DOM1,C5176,C5030
173329,U40697@DOM1,C22442,C359
173346,U41067@DOM1,C5794,C1707
173371,U40191@DOM1,C13960,C5030
173399,U40939@DOM1,C3906,C528
173431,U40182@DOM1,C13898,C5030
173483,U40637@DOM1,C18217,C1707
173483,U40637@DOM1,C18217,C3439
173497,U41173@DOM1,C806,C5030
173497,U41173@DOM1,C806,C625
173497,U41174@DOM1,C806,C706
173497,U41174@DOM1,C806,C528
173637,U40190@DOM1,C13948,C528
173736,U40396@DOM1,C15628,C5030
173745,U40956@DOM1,C421,C1685
173804,U40888@DOM1,C337,C1685
173809,U40997@DOM1,C4651,C1065
173817,U40776@DOM1,C24806,C1685
173847,U40217@DOM1,C14229,C5030
173847,U40217@DOM1,C14229,C529
173863,U40195@DOM1,C14025,C231
173878,U40017@DOM1,C10713,C706
173887,U40399@DOM1,C15644,C1707
173994,U41012@DOM1,C4998,C706
173994,U41013@DOM1,C4998,C706
174014,U40959@DOM1,C4232,C1065
174014,U40959@DOM1,C4232,C528
174021,U41177@DOM1,C8147,C5030
174038,U40895@DOM1,C3440,C5030
174117,U41107@DOM1,C6184,C1685
174159,U41164@DOM1,C7904,C467
174226,U41068@DOM1,C58,C457
174236,U40988@DOM1,C4559,C231
174289,U40388@DOM1,C15609,C231
174289,U40388@DOM1,C15609,C706
174327,U40872@DOM1,C3143,C231
174327,U40872@DOM1,C3143,C1065
174327,U40873@DOM1,C3143,C1065
174327,U40873@DOM1,C3143,C528
174327,U40873@DOM1,C3143,C706
174364,U40223@DOM1,C14247,C625
174515,U40939@DOM1,C3906,C231
174547,U40911@DOM1,C3554,C586
174547,U40911@DOM1,C3554,C457
174602,U40675@DOM1,C20165,C2303
174704,U41206@DOM1,C8958,C743
174711,U40678@DOM1,C20215,C20215
174713,U40363@DOM1,C15355,C1707
174718,U41161@DOM1,C768,C467
174825,U41147@DOM1,C7075,C612
174825,U41148@DOM1,C7075,C612
174874,U40837@DOM1,C2749,C5030
174874,U40837@DOM1,C2749,C1065
175004,U41190@DOM1,C8559,C231
175004,U41191@DOM1,C8559,C231
175038,U40048@DOM1,C11564,C231
175060,U40393@DOM1,C15626,C706
175060,U40393@DOM1,C15626,C2685
175172,U41133@DOM1,C6857,C528
175243,U40849@DOM1,C282,C706
175274,U40315@DOM1,C14917,C5030
175274,U40316@DOM1,C14917,C231
175274,U40316@DOM1,C14917,C1707
175298,U40768@DOM1,C24689,C1707
175299,U40365@DOM1,C15370,C1707
175309,U40551@DOM1,C17536,C612
175310,U40525@DOM1,C17246,C1685
175522,U40086@DOM1,C12393,C706
175522,U40086@DOM1,C12393,C1707
175898,U40246@DOM1,C14476,C2109
175923,U40878@DOM1,C3165,C706
175951,U41134@DOM1,C6897,C5030
175991,U40115@DOM1,C12845,C706
175991,U40116@DOM1,C12845,C231
176192,U40990@DOM1,C4581,C5030
176197,U40767@DOM1,C24689,C1707
176283,U40868@DOM1,C3049,C2685
176319,U40246@DOM1,C14476,C706
176319,U40246@DOM1,C14476,C529
176319,U40247@DOM1,C14476,C586
176319,U40247@DOM1,C14476,C706
176348,U40403@DOM1,C15678,C1707
176348,U40403@DOM1,C15678,C529
176374,U40016@DOM1,C10713,C3812
176374,U40017@DOM1,C10713,C3812
176463,U40470@DOM1,C16675,C1707
176466,U40522@DOM1,C17219,C1883
176484,U40407@DOM1,C15733,C1685
176484,U40407@DOM1,C15733,C1707
176668,U40650@DOM1,C18636,C1883
176668,U40651@DOM1,C18636,C1685
176681,U41098@DOM1,C6037,C1707
176681,U41099@DOM1,C6037,C3058
176748,U40441@DOM1,C16073,C612
176764,U40932@DOM1,C3715,C586
176764,U40932@DOM1,C3715,C231
176764,U40932@DOM1,C3715,C457
176911,U40668@DOM1,C1954,C529
176996,U40441@DOM1,C16073,C586
177023,U40118@DOM1,C1295,C1707
177041,U40962@DOM1,C4254,C5030
177106,U40539@DOM1,C17400,C706
177218,U40677@DOM1,C2021,C231
177343,U40974@DOM1,C4377,C5030
177343,U40974@DOM1,C4377,C612
177396,U40299@DOM1,C14818,C231
177397,U40866@DOM1,C3044,C706
177408,U40042@DOM1,C1142,C231
177420,U40644@DOM1,C18282,C1065
177483,U40706@DOM1,C22724,C22724
177483,U40707@DOM1,C22724,C22724
177492,U40917@DOM1,C3607,C1685
177492,U40918@DOM1,C3607,C1883
177598,U40662@DOM1,C1936,C231
177662,U41029@DOM1,C5279,C2436
177846,U40084@DOM1,C12347,C467
177938,U40356@DOM1,C15268,C1707
177955,U40847@DOM1,C2798,C231
177974,U40223@DOM1,C14247,C231
178050,U40789@DOM1,C25059,C1685
178163,U40835@DOM1,C274,C231
178308,U40170@DOM1,C13667,C5030
178350,U40836@DOM1,C274,C1685
178548,U40663@DOM1,C194,C231
178575,U41026@DOM1,C5186,C706
178780,U40838@DOM1,C2749,C1707
178780,U40838@DOM1,C2749,C1065
178935,U40327@DOM1,C15005,C231
178950,U41007@DOM1,C4858,C706
178950,U41007@DOM1,C4858,C1685
178976,U40976@DOM1,C4412,C231
179013,U40511@DOM1,C17083,C706
179184,U40967@DOM1,C4291,C528
179273,U40648@DOM1,C18345,C359
179278,U40852@DOM1,C2827,C231
179398,U41027@DOM1,C5186,C706
179830,U40300@DOM1,C14818,C5030
179835,U40217@DOM1,C14229,C706
179908,U40708@DOM1,C2278,C26244
179921,U41176@DOM1,C814,C1065
179921,U41176@DOM1,C814,C231
179990,U40257@DOM1,C14519,C706
179990,U40258@DOM1,C14519,C706
180106,U40333@DOM1,C15114,C231
180129,U41128@DOM1,C6758,C5030
180228,U40952@DOM1,C4131,C231
180270,U40930@DOM1,C3714,C706
180270,U40930@DOM1,C3714,C467
180330,U40314@DOM1,C14907,C1065
180359,U40996@DOM1,C4643,C585
180377,U40544@DOM1,C17437,C5030
180402,U40265@DOM1,C14540,C706
180416,U40239@DOM1,C14407,C1685
180416,U40240@DOM1,C14407,C1685
180602,U41211@DOM1,C9091,C529
180605,U40708@DOM1,C2278,C231
180617,U40341@DOM1,C15180,C706
180617,U40342@DOM1,C15180,C1707
180731,U40244@DOM1,C14445,C586
180736,U40395@DOM1,C15628,C5030
180736,U40395@DOM1,C15628,C231
180739,U40983@DOM1,C453,C706
180834,U40360@DOM1,C15303,C706
180866,U40643@DOM1,C18282,C529
180938,U40374@DOM1,C15403,C1685
180938,U40375@DOM1,C15403,C706
180968,U40284@DOM1,C14700,C706
180968,U40285@DOM1,C14700,C1685
180995,U40982@DOM1,C453,C706
181096,U40027@DOM1,C11004,C231
181189,U40961@DOM1,C4233,C706
181217,U40959@DOM1,C4232,C706
181217,U40960@DOM1,C4232,C231
181222,U40297@DOM1,C14809,C1685
181222,U40297@DOM1,C14809,C5030
181222,U40298@DOM1,C14809,C1685
181225,U40793@DOM1,C25133,C1883
181225,U40793@DOM1,C25133,C1707
181225,U40794@DOM1,C25133,C1707
181225,U40794@DOM1,C25133,C1883
181248,U40163@DOM1,C13583,C5030
181248,U40164@DOM1,C13583,C706
181248,U40164@DOM1,C13583,C5030
181342,U41164@DOM1,C7904,C1875
181342,U41165@DOM1,C7904,C1685
181411,U41124@DOM1,C6537,C5720
181434,U40716@DOM1,C2303,C231
181442,U41011@DOM1,C4988,C22529
181447,U41017@DOM1,C5045,C706
181457,U40220@DOM1,C1423,C5030
181469,U41092@DOM1,C5909,C457
181497,U41082@DOM1,C5862,C1707
181559,U40986@DOM1,C4550,C1707
181559,U40987@DOM1,C4550,C1707
181628,U41124@DOM1,C6537,C1685
181753,U40414@DOM1,C15802,C706
181996,U40654@DOM1,C19,C5030
182061,U40888@DOM1,C337,C5030
182061,U40889@DOM1,C337,C1707
182134,U40220@DOM1,C1423,C231
182207,U40881@DOM1,C3235,C1685
182261,U40118@DOM1,C1295,C231
182267,U40064@DOM1,C11996,C231
182304,U40392@DOM1,C15618,C231
182304,U40392@DOM1,C15618,C706
182386,U40243@DOM1,C14445,C231
182483,U41207@DOM1,C90,C1685
182552,U40790@DOM1,C25059,C1685
182592,U40683@DOM1,C2077,C5030
182637,U40686@DOM1,C2159,C1685
182648,U40316@DOM1,C14917,C359
182679,U40788@DOM1,C25022,C1685
182679,U40788@DOM1,C25022,C22235
182759,U40929@DOM1,C3694,C1707
182912,U41043@DOM1,C5487,C5721
182912,U41044@DOM1,C5487,C5721
182929,U40441@DOM1,C16073,C2109
182981,U40135@DOM1,C13287,C706
183008,U41026@DOM1,C5186,C1685
183117,U41082@DOM1,C5862,C5862
183166,U40456@DOM1,C16247,C5030
183175,U40061@DOM1,C1191,C1685
183215,U40134@DOM1,C13287,C528
183278,U40492@DOM1,C16945,C22529
183278,U40493@DOM1,C16945,C231
183278,U40493@DOM1,C16945,C22529
183303,U40526@DOM1,C17269,C231
183335,U40497@DOM1,C17009,C1707
183492,U41002@DOM1,C4753,C706
183559,U40684@DOM1,C2087,C1685
183632,U40455@DOM1,C16247,C706
183691,U40272@DOM1,C14619,C457
183721,U40056@DOM1,C11768,C2109
183817,U40648@DOM1,C18345,C1883
183835,U40192@DOM1,C13968,C5030
183952,U40808@DOM1,C2584,C706
183952,U40808@DOM1,C2584,C1065
183952,U40808@DOM1,C2584,C1707
184077,U40275@DOM1,C14640,C231
184089,U40665@DOM1,C1947,C1685
184219,U40371@DOM1,C15397,C467
184236,U40181@DOM1,C13898,C467
184248,U41133@DOM1,C6857,C1685
184296,U40060@DOM1,C11885,C1685
184313,U41185@DOM1,C8431,C528
184320,U41003@DOM1,C4810,C467
184369,U40699@DOM1,C22467,C1685
184417,U40060@DOM1,C11885,C5720
184454,U41164@DOM1,C7904,C706
184454,U41165@DOM1,C7904,C1875
184464,U40933@DOM1,C3739,C528
184523,U40398@DOM1,C15644,C1707
184523,U40398@DOM1,C15644,C706
184523,U40399@DOM1,C15644,C231
184568,U40933@DOM1,C3739,C1685
184575,U40973@DOM1,C4367,C706
184661,U40649@DOM1,C18345,C1685
184756,U40671@DOM1,C2001,C1707
184806,U40884@DOM1,C3260,C1685
184994,U40059@DOM1,C11885,C5720
185004,U40411@DOM1,C15753,C231
185065,U40453@DOM1,C1624,C706
185111,U40312@DOM1,C14903,C706
185135,U40330@DOM1,C1506,C1707
185274,U40122@DOM1,C1300,C529
185322,U40911@DOM1,C3554,C625
185322,U40912@DOM1,C3554,C586
185459,U40797@DOM1,C2517,C706
185469,U40667@DOM1,C1954,C529
185469,U40668@DOM1,C1954,C231
185501,U40980@DOM1,C4517,C706
185688,U40375@DOM1,C15403,C231
185693,U40414@DOM1,C15802,C5030
185731,U40358@DOM1,C15285,C1707
185739,U41202@DOM1,C8914,C231
185749,U40174@DOM1,C13717,C231
185942,U40720@DOM1,C2321,C1707
185949,U40783@DOM1,C2493,C1707
186024,U40740@DOM1,C23804,C359
186051,U41197@DOM1,C881,C231
186051,U41198@DOM1,C881,C1707
186051,U41198@DOM1,C881,C5030
186446,U40166@DOM1,C13631,C528
186446,U40167@DOM1,C13631,C528
186459,U40643@DOM1,C18282,C467
186509,U40088@DOM1,C12406,C5030
186617,U40121@DOM1,C1300,C231
186646,U40891@DOM1,C3380,C25294
186753,U40371@DOM1,C15397,C231
186904,U40061@DOM1,C1191,C626
187025,U40830@DOM1,C27086,C1707
187296,U40406@DOM1,C15733,C1685
187296,U40406@DOM1,C15733,C1707
187309,U40769@DOM1,C24710,C1707
187309,U40770@DOM1,C24710,C1685
187475,U41024@DOM1,C5176,C231
187475,U41025@DOM1,C5176,C625
187476,U41024@DOM1,C5176,C1065
187479,U41166@DOM1,C7918,C1707
187479,U41167@DOM1,C7918,C1707
187492,U40022@DOM1,C10951,C1685
187531,U40954@DOM1,C4165,C706
187535,U40423@DOM1,C1599,C529
187535,U40424@DOM1,C1599,C529
187575,U40256@DOM1,C14510,C23679
187623,U41082@DOM1,C5862,C1685
187673,U40544@DOM1,C17437,C706
187704,U40455@DOM1,C16247,C2109
187706,U40969@DOM1,C4297,C5030
187731,U40643@DOM1,C18282,C1065
187873,U41092@DOM1,C5909,C1707
187903,U40661@DOM1,C1936,C5640
187910,U40539@DOM1,C17400,C1707
187921,U40815@DOM1,C2640,C467
187921,U40815@DOM1,C2640,C1685
187944,U40441@DOM1,C16073,C706
187945,U40712@DOM1,C22976,C1707
187969,U40904@DOM1,C3534,C467
187994,U41049@DOM1,C5578,C1707
187994,U41050@DOM1,C5578,C1707
188098,U40201@DOM1,C14066,C706
188134,U40546@DOM1,C1748,C586
188134,U40547@DOM1,C1748,C1685
188168,U40967@DOM1,C4291,C2079
188220,U40593@DOM1,C1796,C5030
188254,U41115@DOM1,C6367,C1685
188269,U40644@DOM1,C18282,C359
188337,U40423@DOM1,C1599,C231
188337,U40424@DOM1,C1599,C231
188347,U40924@DOM1,C366,C231
188348,U40925@DOM1,C366,C5030
188420,U40885@DOM1,C3260,C2109
188518,U40028@DOM1,C1102,C586
188518,U40029@DOM1,C1102,C586
188533,U40748@DOM1,C24057,C1685
188622,U40277@DOM1,C14646,C1883
188637,U40871@DOM1,C3131,C5030
188645,U41202@DOM1,C8914,C706
188725,U40374@DOM1,C15403,C706
188725,U40375@DOM1,C15403,C1685
188725,U40375@DOM1,C15403,C5030
188729,U40320@DOM1,C14940,C231
188735,U40496@DOM1,C17009,C1707
188864,U40133@DOM1,C13285,C2683
188961,U40143@DOM1,C13337,C13337
189060,U40297@DOM1,C14809,C706
189060,U40297@DOM1,C14809,C231
189145,U40043@DOM1,C1142,C1707
189166,U40083@DOM1,C12318,C1685
189219,U41041@DOM1,C5461,C231
189249,U40650@DOM1,C18636,C1707
189249,U40650@DOM1,C18636,C96
189249,U40651@DOM1,C18636,C96
189361,U40809@DOM1,C2604,C1685
189374,U40845@DOM1,C2772,C231
189544,U40422@DOM1,C15914,C5030
189544,U40422@DOM1,C15914,C1707
189590,U40306@DOM1,C14868,C5030
189601,U40061@DOM1,C1191,C1707
189811,U40919@DOM1,C3616,C231
189829,U40135@DOM1,C13287,C528
189881,U40773@DOM1,C2475,C231
189881,U40773@DOM1,C2475,C1685
189998,U41127@DOM1,C6758,C5721
190069,U40863@DOM1,C3028,C2472
190069,U40864@DOM1,C3028,C2472
190151,U40136@DOM1,C13290,C612
190153,U40314@DOM1,C14907,C1707
190159,U40861@DOM1,C3021,C2685
190178,U40905@DOM1,C354,C706
190194,U40511@DOM1,C17083,C5030
190202,U40856@DOM1,C2852,C706
190250,U40813@DOM1,C2626,C230
190330,U40883@DOM1,C3238,C743
190333,U41032@DOM1,C5332,C5030
190333,U41032@DOM1,C5332,C585
190379,U40443@DOM1,C16080,C16080
190489,U40441@DOM1,C16073,C467
190501,U40492@DOM1,C16945,C231
190510,U40899@DOM1,C3457,C706
190511,U40879@DOM1,C3198,C706
190581,U40948@DOM1,C409,C5030
190693,U40159@DOM1,C13539,C1707
190702,U41034@DOM1,C5337,C231
190923,U40672@DOM1,C20101,C20101
190923,U40673@DOM1,C20101,C20101
190930,U40259@DOM1,C14521,C5030
190930,U40259@DOM1,C14521,C1707
190966,U40033@DOM1,C11142,C5297
191125,U40970@DOM1,C4352,C1685
191125,U40970@DOM1,C4352,C5030
191269,U40782@DOM1,C2492,C457
191293,U41175@DOM1,C8133,C1707
191340,U40484@DOM1,C16839,C625
191340,U40485@DOM1,C16839,C625
191348,U41010@DOM1,C4953,C612
191348,U41010@DOM1,C4953,C1707
191510,U40860@DOM1,C2989,C1685
191766,U40307@DOM1,C14870,C231
191766,U40308@DOM1,C14870,C5030
191781,U41183@DOM1,C8388,C743
191812,U40716@DOM1,C2303,C1707
191853,U40042@DOM1,C1142,C706
191995,U40833@DOM1,C2735,C706
192011,U40173@DOM1,C13717,C5030
192038,U40656@DOM1,C1905,C706
192060,U40069@DOM1,C1205,C1685
192087,U40715@DOM1,C2303,C5973
192087,U40716@DOM1,C2303,C5030
192112,U40471@DOM1,C16675,C16675
192119,U40660@DOM1,C1928,C231
192127,U40877@DOM1,C3165,C706
192281,U40869@DOM1,C3122,C5030
192289,U40869@DOM1,C3122,C706
192289,U40870@DOM1,C3122,C1015
192342,U41149@DOM1,C709,C1707
192389,U40150@DOM1,C13457,C612
192533,U40504@DOM1,C17055,C706
192569,U40117@DOM1,C12943,C1707
192769,U40479@DOM1,C16811,C1707
192769,U40479@DOM1,C16811,C706
192951,U40359@DOM1,C15303,C467
192951,U40359@DOM1,C15303,C231
192951,U40359@DOM1,C15303,C1685
192980,U41026@DOM1,C5186,C586
192980,U41026@DOM1,C5186,C231
192980,U41027@DOM1,C5186,C1685
193308,U41235@DOM1,C9715,C231
193352,U41135@DOM1,C6897,C5030
193376,U40976@DOM1,C4412,C1707
193377,U40904@DOM1,C3534,C529
193388,U40999@DOM1,C4693,C1685
193388,U40999@DOM1,C4693,C231
193565,U40878@DOM1,C3165,C231
193603,U41190@DOM1,C8559,C5030
193659,U40042@DOM1,C1142,C1707
193790,U40488@DOM1,C16896,C706
193810,U40134@DOM1,C13287,C1707
193872,U41108@DOM1,C631,C1685
193875,U40263@DOM1,C1453,C706
193917,U40460@DOM1,C1645,C231
193951,U41134@DOM1,C6897,C231
193960,U40159@DOM1,C13539,C706
194046,U41022@DOM1,C515,C625
194103,U40836@DOM1,C274,C706
194199,U40358@DOM1,C15285,C706
194304,U40809@DOM1,C2604,C231
194460,U40228@DOM1,C14270,C1707
194503,U40925@DOM1,C366,C368
194517,U40769@DOM1,C24710,C5730
194557,U40721@DOM1,C2331,C586
194557,U40722@DOM1,C2331,C586
194557,U40722@DOM1,C2331,C625
194622,U40721@DOM1,C2331,C625
194699,U40932@DOM1,C3715,C5736
194843,U40677@DOM1,C2021,C706
195049,U40802@DOM1,C2548,C5030
195049,U40803@DOM1,C2548,C586
195100,U40848@DOM1,C282,C706
195111,U40709@DOM1,C22786,C1685
195167,U41001@DOM1,C4722,C5030
195255,U40350@DOM1,C15218,C706
195324,U41068@DOM1,C58,C1707
195330,U40713@DOM1,C2299,C706
195352,U41135@DOM1,C6897,C1685
195362,U40198@DOM1,C14049,C706
195362,U40199@DOM1,C14049,C231
195379,U40155@DOM1,C13519,C586
195495,U40695@DOM1,C2229,C2109
195506,U40027@DOM1,C11004,C585
195682,U40958@DOM1,C4216,C706
195850,U40541@DOM1,C17407,C231
196155,U40121@DOM1,C1300,C1707
196304,U40602@DOM1,C1800,C231
196304,U40602@DOM1,C1800,C1685
196357,U40663@DOM1,C194,C5640
196386,U40182@DOM1,C13898,C467
196387,U40031@DOM1,C1108,C467
196422,U41041@DOM1,C5461,C625
196440,U40540@DOM1,C17407,C231
196440,U40541@DOM1,C17407,C1707
196546,U40798@DOM1,C253,C467
196599,U40546@DOM1,C1748,C706
196632,U40648@DOM1,C18345,C1685
196658,U40393@DOM1,C15626,C231
196658,U40393@DOM1,C15626,C5030
196743,U40720@DOM1,C2321,C706
196778,U40237@DOM1,C14343,C1707
196821,U40466@DOM1,C1653,C528
196837,U40242@DOM1,C14439,C5030
196874,U40005@DOM1,C10430,C231
196874,U40006@DOM1,C10430,C706
196954,U40711@DOM1,C22976,C1685
196963,U40929@DOM1,C3694,C625
197032,U40865@DOM1,C3030,C231
197068,U40942@DOM1,C4015,C612
197068,U40943@DOM1,C4015,C5030
197217,U40643@DOM1,C18282,C359
197217,U40644@DOM1,C18282,C706
197348,U40360@DOM1,C15303,C612
197406,U40970@DOM1,C4352,C706
197452,U41084@DOM1,C5879,C1065
197452,U41084@DOM1,C5879,C1685
197452,U41084@DOM1,C5879,C706
197498,U40027@DOM1,C11004,C706
197522,U40785@DOM1,C2496,C2174
197533,U41085@DOM1,C5879,C1065
197533,U41085@DOM1,C5879,C528
197703,U40259@DOM1,C14521,C231
197759,U41085@DOM1,C5879,C457
197786,U41084@DOM1,C5879,C528
197786,U41085@DOM1,C5879,C706
197813,U41203@DOM1,C894,C2109
197971,U40142@DOM1,C13337,C13337
198022,U40284@DOM1,C14700,C5030
198154,U40084@DOM1,C12347,C706
198162,U40155@DOM1,C13519,C5720
198162,U40155@DOM1,C13519,C585
198261,U40185@DOM1,C13911,C231
198261,U40185@DOM1,C13911,C2174
198261,U40186@DOM1,C13911,C2174
198266,U41166@DOM1,C7918,C1065
198266,U41167@DOM1,C7918,C1065
198331,U41229@DOM1,C9627,C1707
198388,U41175@DOM1,C8133,C625
198413,U41060@DOM1,C5778,C457
198490,U40971@DOM1,C436,C231
198515,U40415@DOM1,C15806,C1707
198520,U40077@DOM1,C12172,C2109
198520,U40138@DOM1,C13303,C5736
198532,U40717@DOM1,C23040,C5782
198598,U40463@DOM1,C16490,C706
198628,U41155@DOM1,C7298,C5306
198654,U41060@DOM1,C5778,C706
198765,U41134@DOM1,C6897,C706
198765,U41134@DOM1,C6897,C1685
198765,U41135@DOM1,C6897,C706
198817,U40441@DOM1,C16073,C1065
198897,U41163@DOM1,C7863,C231
199023,U40686@DOM1,C2159,C231
199063,U40195@DOM1,C14025,C706
199063,U40196@DOM1,C14025,C1707
199088,U40218@DOM1,C14229,C5030
199094,U40819@DOM1,C26652,C1707
199110,U40540@DOM1,C17407,C5030
199113,U41140@DOM1,C6992,C612
199171,U40442@DOM1,C16079,C1685
199222,U41163@DOM1,C7863,C1707
199332,U40869@DOM1,C3122,C1707
199527,U41109@DOM1,C6336,C529
199605,U40263@DOM1,C1453,C5030
199634,U41056@DOM1,C5763,C15513
199704,U40359@DOM1,C15303,C612
199941,U40333@DOM1,C15114,C706
199985,U40402@DOM1,C15678,C5030
199985,U40403@DOM1,C15678,C231
200031,U40431@DOM1,C16055,C231
200031,U40431@DOM1,C16055,C1685
200058,U40898@DOM1,C3457,C467
200201,U41099@DOM1,C6037,C5030
200307,U40665@DOM1,C1947,C231
200480,U40862@DOM1,C3026,C449
200740,U41240@DOM1,C992,C231
200883,U40842@DOM1,C2769,C1533
200927,U40032@DOM1,C11114,C231
200932,U40355@DOM1,C15268,C457
201000,U40906@DOM1,C354,C1685
201045,U41153@DOM1,C7237,C231
201045,U41154@DOM1,C7237,C2109
201071,U40321@DOM1,C14984,C706
201071,U40322@DOM1,C14984,C231
201091,U40137@DOM1,C13303,C5030
201174,U40389@DOM1,C15609,C5030
201215,U41151@DOM1,C7221,C5030
201215,U41152@DOM1,C7221,C5030
201320,U40979@DOM1,C4513,C467
201320,U40979@DOM1,C4513,C1685
201354,U40882@DOM1,C3238,C5030
201354,U40882@DOM1,C3238,C1707
201491,U40133@DOM1,C13285,C5030
201584,U41199@DOM1,C887,C1065
201584,U41200@DOM1,C887,C1065
201611,U40219@DOM1,C1423,C5030
201611,U40219@DOM1,C1423,C467
201682,U40434@DOM1,C16065,C529
201860,U40657@DOM1,C19131,C19131
201951,U40614@DOM1,C18090,C1685
201951,U40615@DOM1,C18090,C1685
202013,U40043@DOM1,C1142,C706
202046,U40677@DOM1,C2021,C2174
202046,U40677@DOM1,C2021,C528
202115,U41103@DOM1,C608,C231
202146,U40561@DOM1,C17682,C528
202278,U40342@DOM1,C15180,C706
202284,U40803@DOM1,C2548,C706
202284,U40803@DOM1,C2548,C231
202288,U40634@DOM1,C18184,C16112
202336,U40296@DOM1,C14804,C231
202344,U40538@DOM1,C17365,C1707
202374,U41134@DOM1,C6897,C1707
202394,U40699@DOM1,C22467,C1883
202394,U40699@DOM1,C22467,C1707
202394,U40700@DOM1,C22467,C1685
202483,U40609@DOM1,C1804,C706
202700,U40398@DOM1,C15644,C231
202731,U41131@DOM1,C6810,C1685
202796,U41130@DOM1,C6810,C1707
202810,U40800@DOM1,C2533,C706
202842,U40394@DOM1,C15626,C706
202881,U40826@DOM1,C2683,C585
202883,U40420@DOM1,C159,C612
202917,U40904@DOM1,C3534,C2174
202932,U40292@DOM1,C14777,C231
203091,U41030@DOM1,C5323,C231
203091,U41031@DOM1,C5323,C706
203091,U41031@DOM1,C5323,C231
203157,U40920@DOM1,C3629,C1707
203166,U40554@DOM1,C17552,C231
203264,U40452@DOM1,C1624,C706
203281,U40970@DOM1,C4352,C231
203381,U40756@DOM1,C2436,C5030
203382,U41090@DOM1,C5901,C467
203382,U41091@DOM1,C5901,C467
203467,U40753@DOM1,C2428,C467
203503,U40551@DOM1,C17536,C528
203519,U40411@DOM1,C15753,C706
203519,U40411@DOM1,C15753,C5030
203631,U40182@DOM1,C13898,C2303
203646,U40554@DOM1,C17552,C586
203677,U40434@DOM1,C16065,C612
203795,U40453@DOM1,C1624,C457
203807,U41007@DOM1,C4858,C5030
203939,U40174@DOM1,C13717,C467
203972,U41155@DOM1,C7298,C5030
203978,U41236@DOM1,C9806,C1685
203978,U41236@DOM1,C9806,C231
203989,U41127@DOM1,C6758,C1685
204050,U40133@DOM1,C13285,C1685
204050,U40133@DOM1,C13285,C231
204087,U40189@DOM1,C13948,C706
204087,U40190@DOM1,C13948,C231
204087,U40190@DOM1,C13948,C586
204104,U41117@DOM1,C64,C231
204112,U40181@DOM1,C13898,C448
204112,U40181@DOM1,C13898,C706
204130,U40399@DOM1,C15644,C5030
204175,U41009@DOM1,C4914,C231
204207,U40189@DOM1,C13948,C1065
204289,U40464@DOM1,C16520,C743
204289,U40464@DOM1,C16520,C2162
204290,U40465@DOM1,C16520,C743
204294,U40500@DOM1,C17023,C706
204319,U40569@DOM1,C17806,C706
204319,U40569@DOM1,C17806,C231
204319,U40570@DOM1,C17806,C706
204319,U40952@DOM1,C4131,C1685
204320,U40570@DOM1,C17806,C231
204458,U40857@DOM1,C2871,C1685
204497,U40941@DOM1,C3990,C1685
204601,U40905@DOM1,C354,C231
204661,U40608@DOM1,C1804,C706
204661,U40609@DOM1,C1804,C1707
204774,U41056@DOM1,C5763,C1093
204774,U41056@DOM1,C5763,C3634
204869,U40704@DOM1,C22523,C231
204923,U41055@DOM1,C5763,C21245
205000,U40076@DOM1,C12154,C528
205227,U40083@DOM1,C12318,C5030
205260,U41103@DOM1,C608,C1685
205262,U40132@DOM1,C13243,C1707
205262,U40658@DOM1,C19131,C1707
205263,U41217@DOM1,C9201,C1685
205264,U40709@DOM1,C22786,C1883
205264,U40710@DOM1,C22786,C22786
205264,U40710@DOM1,C22786,C1707
205278,U40965@DOM1,C4271,C1685
205278,U40966@DOM1,C4271,C706
205345,U40990@DOM1,C4581,C231
205345,U40990@DOM1,C4581,C706
205347,U40934@DOM1,C375,C5030
205365,U40361@DOM1,C15317,C467
205365,U40362@DOM1,C15317,C467
205366,U40155@DOM1,C13519,C231
205378,U40573@DOM1,C17823,C612
205397,U40047@DOM1,C11535,C4407
205525,U40757@DOM1,C2438,C5136
205584,U40378@DOM1,C15440,C359
205584,U40379@DOM1,C15440,C359
205593,U40842@DOM1,C2769,C1950
205648,U40676@DOM1,C2021,C5030
205660,U40572@DOM1,C17823,C467
205701,U40465@DOM1,C16520,C2162
205733,U40415@DOM1,C15806,C625
205840,U40827@DOM1,C27047,C1707
205840,U40828@DOM1,C27047,C1707
205873,U41070@DOM1,C5809,C706
205873,U41070@DOM1,C5809,C231
205903,U40577@DOM1,C17839,C625
205903,U40577@DOM1,C17839,C1707
205958,U40575@DOM1,C17835,C706
205958,U40575@DOM1,C17835,C5030
205960,U40060@DOM1,C11885,C231
205995,U41076@DOM1,C5828,C231
206000,U40862@DOM1,C3026,C231
206000,U40862@DOM1,C3026,C921
206029,U40666@DOM1,C19517,C1685
206070,U40241@DOM1,C14425,C14425
206070,U40241@DOM1,C14425,C1685
206154,U40683@DOM1,C2077,C706
206182,U40410@DOM1,C15753,C5030
206182,U40411@DOM1,C15753,C586
206182,U40411@DOM1,C15753,C529
206182,U40411@DOM1,C15753,C1707
206206,U40147@DOM1,C13401,C467
206247,U40021@DOM1,C10925,C706
206283,U40161@DOM1,C1357,C231
206286,U40039@DOM1,C11336,C5030
206312,U40040@DOM1,C11336,C706
206314,U40524@DOM1,C17240,C1065
206314,U40707@DOM1,C22724,C1685
206351,U40988@DOM1,C4559,C612
206363,U40039@DOM1,C11336,C706
206385,U40931@DOM1,C3715,C5736
206398,U41181@DOM1,C8371,C231
206402,U40833@DOM1,C2735,C5030
206402,U40833@DOM1,C2735,C231
206402,U40834@DOM1,C2735,C706
206402,U40834@DOM1,C2735,C5030
206445,U40575@DOM1,C17835,C528
206465,U40821@DOM1,C26671,C1883
206465,U40822@DOM1,C26671,C1883
206468,U40097@DOM1,C12541,C706
206472,U40897@DOM1,C3451,C1685
206503,U40554@DOM1,C17552,C1065
206506,U40339@DOM1,C15160,C1685
206518,U40219@DOM1,C1423,C1707
206566,U41055@DOM1,C5763,C8772
206610,U40396@DOM1,C15628,C706
206610,U40396@DOM1,C15628,C231
206680,U40075@DOM1,C12147,C231
206713,U40021@DOM1,C10925,C231
206713,U40021@DOM1,C10925,C467
206904,U40948@DOM1,C409,C1707
206904,U40949@DOM1,C409,C706
206959,U40090@DOM1,C12414,C359
206999,U40105@DOM1,C12691,C706
207064,U40431@DOM1,C16055,C706
207146,U40364@DOM1,C15355,C1685
207171,U40949@DOM1,C409,C1707
207184,U40649@DOM1,C18345,C1883
207207,U41223@DOM1,C9426,C231
207230,U40111@DOM1,C12744,C231
207230,U40111@DOM1,C12744,C528
207408,U40831@DOM1,C27159,C706
207408,U40832@DOM1,C27159,C706
207411,U40277@DOM1,C14646,C1707
207411,U40278@DOM1,C14646,C1883
207411,U40278@DOM1,C14646,C1707
207417,U40307@DOM1,C14870,C706
207417,U40308@DOM1,C14870,C706
207432,U40041@DOM1,C11346,C467
207437,U40408@DOM1,C15746,C15746
207437,U40409@DOM1,C15746,C15746
207485,U40233@DOM1,C14301,C1685
207485,U40234@DOM1,C14301,C1685
207504,U41229@DOM1,C9627,C529
207607,U40916@DOM1,C36,C229
207612,U40705@DOM1,C22609,C742
207622,U41098@DOM1,C6037,C1685
207625,U40346@DOM1,C152,C1685
207626,U40345@DOM1,C152,C1685
207701,U40050@DOM1,C11658,C231
207701,U40051@DOM1,C11658,C231
207724,U40391@DOM1,C15618,C5030
207724,U40391@DOM1,C15618,C231
207724,U40392@DOM1,C15618,C5030
207748,U41234@DOM1,C9715,C1685
207748,U41235@DOM1,C9715,C706
207782,U41227@DOM1,C9589,C5030
207782,U41228@DOM1,C9589,C5030
207792,U41125@DOM1,C657,C1685
207886,U41150@DOM1,C7160,C706
207900,U40112@DOM1,C12745,C231
207923,U40056@DOM1,C11768,C528
207923,U40056@DOM1,C11768,C1065
207949,U40007@DOM1,C10529,C706
207972,U40759@DOM1,C24464,C2109
207993,U40168@DOM1,C13638,C706
207993,U40168@DOM1,C13638,C1707
208001,U40869@DOM1,C3122,C231
208035,U40585@DOM1,C17890,C2109
208123,U40608@DOM1,C1804,C5030
208128,U40416@DOM1,C15839,C529
208133,U40587@DOM1,C17905,C585
208161,U40080@DOM1,C12257,C5030
208183,U40587@DOM1,C17905,C231
208194,U40168@DOM1,C13638,C467
208288,U40089@DOM1,C12406,C467
208313,U40752@DOM1,C2422,C231
208313,U40752@DOM1,C2422,C1707
208351,U41135@DOM1,C6897,C1707
208363,U40763@DOM1,C24637,C3028
208363,U40764@DOM1,C24637,C1685
208448,U40008@DOM1,C10529,C706
208485,U40103@DOM1,C12682,C1685
208525,U40456@DOM1,C16247,C2109
208529,U40590@DOM1,C17924,C457
208529,U40591@DOM1,C17924,C457
208544,U40110@DOM1,C12724,C231
208553,U40885@DOM1,C3260,C1685
208570,U40574@DOM1,C17824,C467
208603,U40883@DOM1,C3238,C5030
208659,U40590@DOM1,C17924,C2519
208659,U40591@DOM1,C17924,C2519
208660,U40904@DOM1,C3534,C706
208687,U40698@DOM1,C22442,C1685
208687,U40698@DOM1,C22442,C359
208707,U40856@DOM1,C2852,C231
208707,U40856@DOM1,C2852,C5030
208711,U41035@DOM1,C5337,C625
208737,U41002@DOM1,C4753,C231
208741,U40592@DOM1,C17926,C528
208755,U40592@DOM1,C17926,C1065
208769,U40953@DOM1,C4157,C231
208769,U40953@DOM1,C4157,C1065
208802,U40592@DOM1,C17926,C457
208802,U40592@DOM1,C17926,C231
208826,U40592@DOM1,C17926,C586
208826,U40592@DOM1,C17926,C625
208827,U41125@DOM1,C657,C1200
208835,U40696@DOM1,C22395,C359
208840,U40125@DOM1,C13124,C706
208840,U40125@DOM1,C13124,C5588
208863,U40102@DOM1,C12657,C231
208863,U40337@DOM1,C15129,C467
208866,U40952@DOM1,C4131,C22529
208866,U40952@DOM1,C4131,C529
208895,U40953@DOM1,C4157,C612
208913,U40125@DOM1,C13124,C231
208918,U40337@DOM1,C15129,C586
208975,U40708@DOM1,C2278,C706
208977,U40253@DOM1,C14500,C625
208983,U40993@DOM1,C4616,C231
208987,U40163@DOM1,C13583,C231
208987,U40835@DOM1,C274,C706
208990,U40752@DOM1,C2422,C625
209006,U41115@DOM1,C6367,C231
209031,U41103@DOM1,C608,C706
209036,U40171@DOM1,C13669,C467
209047,U40467@DOM1,C16557,C1089
209074,U40337@DOM1,C15129,C4222
209086,U41076@DOM1,C5828,C1707
209132,U40254@DOM1,C14500,C457
209132,U40254@DOM1,C14500,C625
209134,U40044@DOM1,C11455,C529
209157,U40473@DOM1,C16694,C529
209186,U40506@DOM1,C17076,C5136
209227,U41071@DOM1,C5811,C1685
209227,U41072@DOM1,C5811,C706
209227,U41072@DOM1,C5811,C1685
209231,U40886@DOM1,C3336,C231
209231,U40887@DOM1,C3336,C706
209233,U40370@DOM1,C15394,C5030
209288,U41196@DOM1,C8784,C1707
209291,U40589@DOM1,C17922,C612
209291,U40589@DOM1,C17922,C706
209329,U40354@DOM1,C15266,C528
209344,U40100@DOM1,C12654,C1707
209353,U40202@DOM1,C14090,C5030
209361,U40639@DOM1,C18255,C1707
209366,U40507@DOM1,C17076,C5136
209416,U40814@DOM1,C26347,C231
209442,U40160@DOM1,C13568,C231
209467,U40160@DOM1,C13568,C528
209472,U40292@DOM1,C14777,C1685
209472,U41156@DOM1,C7298,C12552
209478,U40025@DOM1,C10999,C231
209478,U40026@DOM1,C10999,C231
209516,U40902@DOM1,C3484,C1707
209538,U40187@DOM1,C13920,C706
209553,U40976@DOM1,C4412,C706
209579,U40033@DOM1,C11142,C706
209586,U40187@DOM1,C13920,C231
209590,U40508@DOM1,C17082,C231
209590,U40509@DOM1,C17082,C1685
209591,U41100@DOM1,C6066,C2109
209591,U41101@DOM1,C6066,C2109
209595,U41019@DOM1,C5111,C5030
209613,U40121@DOM1,C1300,C706
209613,U40122@DOM1,C1300,C457
209618,U40183@DOM1,C13907,C586
209618,U40184@DOM1,C13907,C5030
209618,U40184@DOM1,C13907,C231
209630,U40160@DOM1,C13568,C457
209652,U41158@DOM1,C7312,C231
209707,U40868@DOM1,C3049,C231
209730,U40713@DOM1,C2299,C1685
209753,U40179@DOM1,C13795,C529
209754,U40178@DOM1,C13795,C1065
209754,U40178@DOM1,C13795,C231
209761,U40527@DOM1,C17276,C5900
209761,U40528@DOM1,C17276,C5900
209765,U40077@DOM1,C12172,C1685
209777,U40481@DOM1,C16825,C1707
209782,U40410@DOM1,C15753,C586
209802,U40859@DOM1,C2908,C706
209814,U40758@DOM1,C24436,C24436
209830,U40907@DOM1,C3544,C1707
209830,U40907@DOM1,C3544,C528
209830,U40908@DOM1,C3544,C706
209835,U40081@DOM1,C12316,C231
209835,U40082@DOM1,C12316,C231
209835,U40328@DOM1,C15007,C1707
209870,U40772@DOM1,C24721,C1707
209897,U40039@DOM1,C11336,C528
209921,U40707@DOM1,C22724,C1707
209945,U40090@DOM1,C12414,C457
209947,U41173@DOM1,C806,C231
209948,U40861@DOM1,C3021,C231
209954,U40837@DOM1,C2749,C1685
209987,U41077@DOM1,C5828,C2174
210006,U40262@DOM1,C14529,C5030
210006,U40262@DOM1,C14529,C457
210025,U40513@DOM1,C17144,C4407
210025,U40514@DOM1,C17144,C4407
210065,U41038@DOM1,C5358,C1685
210065,U41038@DOM1,C5358,C706
210068,U40813@DOM1,C2626,C706
210071,U40972@DOM1,C4367,C1065
210071,U40973@DOM1,C4367,C1065
210080,U40045@DOM1,C11475,C231
210080,U40046@DOM1,C11475,C231
210086,U748@DOM1,C18025,C1493
210115,U40045@DOM1,C11475,C5736
210115,U40046@DOM1,C11475,C5736
210124,U41193@DOM1,C8693,C1503
210124,U41193@DOM1,C8693,C231
210132,U40007@DOM1,C10529,C586
210132,U40007@DOM1,C10529,C18135
210188,U40272@DOM1,C14619,C586
210196,U41219@DOM1,C9325,C231
210221,U40454@DOM1,C16242,C1707
210246,U41034@DOM1,C5337,C586
210248,U40765@DOM1,C2464,C5030
210248,U40766@DOM1,C2464,C231
210248,U40784@DOM1,C2493,C231
210249,U40526@DOM1,C17269,C5030
210249,U40526@DOM1,C17269,C706
210250,U40181@DOM1,C13898,C2303
210250,U40892@DOM1,C3381,C706
210294,U748@DOM1,C18025,C1493
210312,U748@DOM1,C18025,C1493
210326,U40374@DOM1,C15403,C5030
210349,U40659@DOM1,C1928,C706
210350,U40894@DOM1,C3440,C231
210350,U40894@DOM1,C3440,C5030
210362,U40354@DOM1,C15266,C231
210373,U40027@DOM1,C11004,C5720
210373,U40027@DOM1,C11004,C5721
210387,U40594@DOM1,C17968,C1707
210390,U40559@DOM1,C17680,C231
210390,U40560@DOM1,C17680,C2174
210428,U40004@DOM1,C10299,C231
210435,U40567@DOM1,C17783,C1685
210435,U40568@DOM1,C17783,C1685
210481,U40260@DOM1,C14527,C231
210490,U40261@DOM1,C14527,C231
210511,U40585@DOM1,C17890,C231
210511,U40586@DOM1,C17890,C359
210524,U40718@DOM1,C2320,C5136
210539,U40099@DOM1,C12630,C231
210544,U40596@DOM1,C17969,C706
210548,U40439@DOM1,C16071,C457
210576,U40638@DOM1,C1823,C1891
210579,U40439@DOM1,C16071,C231
210585,U40093@DOM1,C12427,C231
210592,U40753@DOM1,C2428,C2109
210612,U40912@DOM1,C3554,C457
210615,U40667@DOM1,C1954,C706
210615,U40668@DOM1,C1954,C5030
210631,U40772@DOM1,C24721,C457
210663,U40248@DOM1,C14477,C706
210671,U41218@DOM1,C9219,C231
210672,U40797@DOM1,C2517,C231
210677,U40742@DOM1,C23828,C1685
210677,U40742@DOM1,C23828,C1707
210678,U41210@DOM1,C9063,C1707
210678,U41210@DOM1,C9063,C1883
210685,U40867@DOM1,C3044,C706
210708,U40595@DOM1,C17969,C706
210719,U40400@DOM1,C15646,C1707
210719,U40401@DOM1,C15646,C1707
210730,U40068@DOM1,C12042,C231
210731,U40035@DOM1,C11161,C1707
210731,U40035@DOM1,C11161,C231
210733,U41236@DOM1,C9806,C706
210734,U40204@DOM1,C14122,C706
210767,U41240@DOM1,C992,C1707
210770,U40478@DOM1,C16811,C706
210770,U40478@DOM1,C16811,C1707
210776,U40781@DOM1,C24873,C5900
210797,U40294@DOM1,C14794,C231
210797,U40295@DOM1,C14794,C231
210801,U40217@DOM1,C14229,C231
210801,U40218@DOM1,C14229,C1685
210803,U40686@DOM1,C2159,C15644
210817,U40869@DOM1,C3122,C22529
210887,U40439@DOM1,C16071,C2174
210909,U40597@DOM1,C17978,C528
210964,U41016@DOM1,C5043,C5030
210965,U40578@DOM1,C17845,C231
210965,U40579@DOM1,C17845,C231
210985,U40545@DOM1,C17465,C706
210985,U40545@DOM1,C17465,C231
210985,U40545@DOM1,C17465,C612
210999,U40005@DOM1,C10430,C1707
211025,U40465@DOM1,C16520,C5932
211028,U40242@DOM1,C14439,C1707
211034,U40276@DOM1,C14640,C706
211034,U40276@DOM1,C14640,C231
211068,U40404@DOM1,C15699,C528
211083,U40382@DOM1,C15498,C612
211086,U40380@DOM1,C15445,C706
211144,U40309@DOM1,C14880,C231
211144,U40310@DOM1,C14880,C231
211196,U41231@DOM1,C9696,C231
211205,U41117@DOM1,C64,C1707
211206,U41022@DOM1,C515,C612
211207,U40170@DOM1,C13667,C231
211209,U40351@DOM1,C15218,C231
211215,U40202@DOM1,C14090,C1685
211241,U41056@DOM1,C5763,C5246
211266,U40934@DOM1,C375,C1685
211267,U40549@DOM1,C1750,C1685
211268,U40950@DOM1,C4112,C5030
211268,U40951@DOM1,C4112,C5136
211269,U40134@DOM1,C13287,C231
211281,U40576@DOM1,C17837,C706
211282,U40882@DOM1,C3238,C743
211282,U40883@DOM1,C3238,C1707
211285,U40576@DOM1,C17837,C5588
211288,U40255@DOM1,C14510,C467
211288,U40256@DOM1,C14510,C5030
211291,U40444@DOM1,C16087,C231
211330,U40926@DOM1,C3664,C706
211366,U40684@DOM1,C2087,C1707
211366,U40684@DOM1,C2087,C625
211372,U40684@DOM1,C2087,C528
211385,U40716@DOM1,C2303,C18810
211389,U41077@DOM1,C5828,C706
211390,U40189@DOM1,C13948,C231
211390,U40189@DOM1,C13948,C1685
211390,U40366@DOM1,C15370,C1065
211390,U40366@DOM1,C15370,C22529
211410,U40420@DOM1,C159,C1707
211435,U40947@DOM1,C4081,C586
211444,U41214@DOM1,C920,C528
211446,U40676@DOM1,C2021,C2174
211446,U40677@DOM1,C2021,C457
211448,U41180@DOM1,C8310,C2162
211455,U40136@DOM1,C13290,C231
211463,U40146@DOM1,C13378,C625
211463,U40146@DOM1,C13378,C5030
211509,U40422@DOM1,C15914,C231
211509,U40422@DOM1,C15914,C706
211517,U40446@DOM1,C161,C5640
211542,U40597@DOM1,C17978,C1685
211544,U40598@DOM1,C17978,C467
211547,U40598@DOM1,C17978,C586
211565,U40977@DOM1,C4412,C231
211565,U40977@DOM1,C4412,C706
211573,U41098@DOM1,C6037,C5030
211573,U41098@DOM1,C6037,C3058
211631,U40551@DOM1,C17536,C5030
211635,U40171@DOM1,C13669,C586
211635,U40171@DOM1,C13669,C1685
211635,U40171@DOM1,C13669,C2109
211696,U40571@DOM1,C17815,C706
211708,U40009@DOM1,C10545,C3443
211731,U40204@DOM1,C14122,C231
211731,U40204@DOM1,C14122,C5030
211732,U41020@DOM1,C5128,C706
211732,U41021@DOM1,C5128,C706
211744,U40459@DOM1,C16397,C2109
211765,U41153@DOM1,C7237,C586
211765,U41154@DOM1,C7237,C231
211768,U41153@DOM1,C7237,C2109
211769,U40523@DOM1,C17219,C1883
211784,U40154@DOM1,C13519,C467
211784,U40155@DOM1,C13519,C15001
211805,U40904@DOM1,C3534,C231
211811,U40859@DOM1,C2908,C5030
211861,U40155@DOM1,C13519,C612
211865,U41067@DOM1,C5794,C706
211872,U40064@DOM1,C11996,C1685
211900,U40755@DOM1,C2436,C5030
211985,U40399@DOM1,C15644,C706
211987,U40919@DOM1,C3616,C529
211990,U41000@DOM1,C4693,C706
211997,U40080@DOM1,C12257,C706
212008,U40911@DOM1,C3554,C467
212013,U41065@DOM1,C5791,C529
212013,U41065@DOM1,C5791,C1685
212029,U40440@DOM1,C16071,C457
212030,U40440@DOM1,C16071,C1065
212051,U40695@DOM1,C2229,C706
212112,U41117@DOM1,C64,C1065
212119,U40285@DOM1,C14700,C467
212119,U40285@DOM1,C14700,C231
212119,U40962@DOM1,C4254,C467
212120,U40970@DOM1,C4352,C586
212168,U40720@DOM1,C2321,C231
212169,U40840@DOM1,C2760,C1707
212169,U40841@DOM1,C2760,C5030
212171,U40849@DOM1,C282,C586
212171,U40899@DOM1,C3457,C5030
212178,U40589@DOM1,C17922,C586
212178,U40991@DOM1,C4600,C231
212225,U41117@DOM1,C64,C529
212237,U40216@DOM1,C14225,C3238
212237,U40216@DOM1,C14225,C1685
212284,U40680@DOM1,C2032,C1707
212284,U40680@DOM1,C2032,C231
212287,U40588@DOM1,C17922,C231
212293,U40572@DOM1,C17823,C231
212314,U40243@DOM1,C14445,C529
212337,U41002@DOM1,C4753,C1707
212337,U41002@DOM1,C4753,C5030
212396,U40352@DOM1,C15235,C457
212400,U40646@DOM1,C18325,C1707
212400,U40646@DOM1,C18325,C359
212400,U40647@DOM1,C18325,C359
212411,U40143@DOM1,C13337,C1707
212439,U40225@DOM1,C14253,C1685
212439,U40226@DOM1,C14253,C1685
212476,U41042@DOM1,C5461,C5030
212478,U40995@DOM1,C4618,C1685
212478,U40995@DOM1,C4618,C231
212478,U40995@DOM1,C4618,C467
212519,U40582@DOM1,C17872,C231
212527,U41192@DOM1,C8593,C231
212533,U40298@DOM1,C14809,C5030
212546,U41132@DOM1,C6857,C529
212559,U40353@DOM1,C15235,C2109
212564,U40352@DOM1,C15235,C529
212564,U40352@DOM1,C15235,C612
212586,U40360@DOM1,C15303,C1685
212586,U40360@DOM1,C15303,C231
212604,U40604@DOM1,C18002,C529
212615,U41115@DOM1,C6367,C706
212643,U40931@DOM1,C3715,C586
212647,U40196@DOM1,C14025,C706
212696,U41198@DOM1,C881,C231
212709,U40220@DOM1,C1423,C706
212709,U40220@DOM1,C1423,C1707
212709,U40975@DOM1,C4377,C5030
212710,U40870@DOM1,C3122,C1707
212726,U40576@DOM1,C17837,C528
212755,U40251@DOM1,C14488,C231
212767,U40200@DOM1,C14053,C467
212774,U40250@DOM1,C14483,C1685
212775,U40459@DOM1,C16397,C359
212799,U41009@DOM1,C4914,C1707
212815,U40043@DOM1,C1142,C231
212823,U40168@DOM1,C13638,C5030
212831,U40541@DOM1,C17407,C5030
212899,U40195@DOM1,C14025,C1707
212916,U40623@DOM1,C18151,C2519
212916,U40624@DOM1,C18151,C2519
212994,U40582@DOM1,C17872,C467
213007,U40797@DOM1,C2517,C5030
213008,U40171@DOM1,C13669,C231
213013,U40139@DOM1,C13311,C1707
213013,U40140@DOM1,C13311,C1707
213013,U40140@DOM1,C13311,C231
213020,U41130@DOM1,C6810,C625
213025,U41028@DOM1,C5279,C1685
213027,U40083@DOM1,C12318,C231
213078,U40038@DOM1,C11315,C706
213078,U40038@DOM1,C11315,C528
213081,U40445@DOM1,C161,C706
213086,U40603@DOM1,C18002,C1707
213086,U40604@DOM1,C18002,C706
213087,U40490@DOM1,C1692,C231
213087,U40491@DOM1,C1692,C231
213101,U40256@DOM1,C14510,C467
213119,U40184@DOM1,C13907,C586
213131,U40016@DOM1,C10713,C5030
213142,U41093@DOM1,C5911,C231
213148,U40271@DOM1,C14592,C586
213151,U41215@DOM1,C920,C1685
213154,U40843@DOM1,C2769,C6167
213159,U41131@DOM1,C6810,C1707
213184,U40852@DOM1,C2827,C1685
213184,U40853@DOM1,C2827,C1685
213186,U40452@DOM1,C1624,C457
213186,U40452@DOM1,C1624,C5030
213186,U40452@DOM1,C1624,C231
213188,U40022@DOM1,C10951,C467
213191,U41016@DOM1,C5043,C231
213218,U40217@DOM1,C14229,C1685
213218,U40218@DOM1,C14229,C231
213227,U41185@DOM1,C8431,C586
213228,U40607@DOM1,C18013,C231
213231,U40606@DOM1,C18013,C612
213231,U40607@DOM1,C18013,C612
213231,U40607@DOM1,C18013,C1065
213237,U40260@DOM1,C14527,C706
213243,U40606@DOM1,C18013,C1065
213243,U40606@DOM1,C18013,C231
213251,U40934@DOM1,C375,C231
213258,U40273@DOM1,C14619,C5030
213286,U40175@DOM1,C13726,C1707
213304,U40775@DOM1,C2480,C17001
213313,U41059@DOM1,C5774,C706
213351,U40739@DOM1,C23736,C359
213353,U40274@DOM1,C14638,C231
213353,U40274@DOM1,C14638,C5136
213365,U40021@DOM1,C10925,C5030
213369,U40282@DOM1,C14692,C586
213369,U40282@DOM1,C14692,C231
213376,U40808@DOM1,C2584,C612
213376,U40860@DOM1,C2989,C231
213376,U40860@DOM1,C2989,C5030
213376,U40860@DOM1,C2989,C706
213429,U40608@DOM1,C1804,C1707
213429,U40609@DOM1,C1804,C5030
213523,U40325@DOM1,C15001,C231
213553,U40357@DOM1,C15285,C1685
213553,U40357@DOM1,C15285,C706
213553,U40358@DOM1,C15285,C1685
213564,U40621@DOM1,C18150,C2519
213606,U40018@DOM1,C10829,C231
213606,U40019@DOM1,C10829,C231
213606,U40066@DOM1,C12019,C231
213606,U40224@DOM1,C14247,C706
213606,U40851@DOM1,C2825,C231
213606,U41105@DOM1,C6181,C231
213606,U41106@DOM1,C6181,C231
213607,U40498@DOM1,C1702,C231
213607,U40499@DOM1,C1702,C231
213649,U40775@DOM1,C2480,C231
213726,U40033@DOM1,C11142,C231
213730,U40655@DOM1,C1905,C1685
213730,U40656@DOM1,C1905,C1685
213731,U40872@DOM1,C3143,C706
213731,U40873@DOM1,C3143,C231
213731,U40981@DOM1,C4517,C706
213742,U41009@DOM1,C4914,C706
213763,U40432@DOM1,C16062,C231
213783,U40257@DOM1,C14519,C22529
213783,U40888@DOM1,C337,C1707
213783,U40889@DOM1,C337,C706
213787,U41143@DOM1,C7038,C231
213787,U41144@DOM1,C7038,C231
213790,U40906@DOM1,C354,C467
213795,U41212@DOM1,C9110,C231
213795,U41213@DOM1,C9110,C231
213813,U40924@DOM1,C366,C625
213813,U40925@DOM1,C366,C1707
213815,U40098@DOM1,C12613,C231
213815,U40098@DOM1,C12613,C528
213815,U40715@DOM1,C2303,C5030
213826,U40153@DOM1,C135,C231
213846,U41141@DOM1,C7009,C612
213846,U41142@DOM1,C7009,C612
213849,U40307@DOM1,C14870,C5030
213849,U40308@DOM1,C14870,C467
213849,U40308@DOM1,C14870,C231
213850,U40340@DOM1,C15160,C528
213859,U40573@DOM1,C17823,C706
213894,U40270@DOM1,C14592,C1685
213911,U40546@DOM1,C1748,C231
213923,U40850@DOM1,C2823,C2485
213974,U40075@DOM1,C12147,C706
213974,U40149@DOM1,C13439,C706
214026,U40173@DOM1,C13717,C2174
214046,U40324@DOM1,C14993,C1707
214083,U40641@DOM1,C18281,C5782
214083,U40642@DOM1,C18281,C5782
214125,U40139@DOM1,C13311,C231
214154,U40413@DOM1,C15802,C231
214175,U40087@DOM1,C12393,C1707
214175,U40087@DOM1,C12393,C625
214183,U40231@DOM1,C14296,C231
214189,U40032@DOM1,C11114,C706
214189,U41110@DOM1,C6346,C528
214193,U40262@DOM1,C14529,C1707
214193,U40380@DOM1,C15445,C1015
214232,U40495@DOM1,C16969,C467
214252,U40892@DOM1,C3381,C5030
214252,U40892@DOM1,C3381,C231
214278,U40898@DOM1,C3457,C5030
214278,U40899@DOM1,C3457,C1707
214278,U40899@DOM1,C3457,C231
214278,U41130@DOM1,C6810,C5136
214329,U40602@DOM1,C1800,C625
214336,U40893@DOM1,C3405,C706
214384,U40826@DOM1,C2683,C743
214386,U41153@DOM1,C7237,C529
214386,U41154@DOM1,C7237,C529
214386,U41154@DOM1,C7237,C586
214403,U41069@DOM1,C5809,C706
214403,U41069@DOM1,C5809,C231
214437,U41068@DOM1,C58,C706
214437,U41068@DOM1,C58,C1065
214494,U41184@DOM1,C843,C706
214511,U40118@DOM1,C1295,C706
214511,U40118@DOM1,C1295,C528
214511,U40296@DOM1,C14804,C706
214511,U40296@DOM1,C14804,C1707
214529,U41111@DOM1,C6346,C5030
214545,U41165@DOM1,C7904,C231
214553,U41057@DOM1,C577,C1685
214553,U41058@DOM1,C577,C1685
214571,U41229@DOM1,C9627,C1065
214576,U40582@DOM1,C17872,C706
214576,U40582@DOM1,C17872,C586
214583,U41182@DOM1,C8388,C2480
214589,U40123@DOM1,C13018,C231
214589,U41027@DOM1,C5186,C586
214589,U41027@DOM1,C5186,C231
214603,U40100@DOM1,C12654,C529
214603,U40101@DOM1,C12654,C1685
214628,U40238@DOM1,C1435,C529
214629,U40097@DOM1,C12541,C231
214636,U40012@DOM1,C10668,C231
214636,U40013@DOM1,C10668,C231
214653,U40512@DOM1,C17090,C586
214657,U40512@DOM1,C17090,C1707
214700,U41238@DOM1,C9829,C231
214700,U41238@DOM1,C9829,C5030
214700,U41238@DOM1,C9829,C1685
214703,U40315@DOM1,C14917,C1707
214703,U40315@DOM1,C14917,C231
214707,U41155@DOM1,C7298,C1685
214727,U40454@DOM1,C16242,C1685
214727,U40454@DOM1,C16242,C1883
214756,U40057@DOM1,C11827,C706
214798,U41062@DOM1,C5785,C359
214798,U41063@DOM1,C5785,C1707
214823,U40085@DOM1,C12360,C5030
214853,U40761@DOM1,C24595,C1685
214865,U40459@DOM1,C16397,C586
214905,U40338@DOM1,C1515,C706
214905,U40550@DOM1,C17500,C625
214931,U40331@DOM1,C15091,C231
214931,U40332@DOM1,C15091,C231
214936,U41237@DOM1,C9829,C1685
214949,U40987@DOM1,C4550,C5030
214964,U41237@DOM1,C9829,C5030
214987,U40091@DOM1,C12423,C5030
214987,U40092@DOM1,C12423,C231
214987,U40092@DOM1,C12423,C5030
214990,U40108@DOM1,C12716,C5030
214990,U40108@DOM1,C12716,C706
214990,U40109@DOM1,C12716,C5030
215005,U40755@DOM1,C2436,C1707
215047,U40954@DOM1,C4165,C5030
215055,U40040@DOM1,C11336,C231
215055,U40040@DOM1,C11336,C5030
215055,U40040@DOM1,C11336,C359
215055,U40040@DOM1,C11336,C528
215073,U40323@DOM1,C14986,C231
215080,U40145@DOM1,C13378,C625
215080,U40145@DOM1,C13378,C231
215086,U40919@DOM1,C3616,C1707
215109,U40112@DOM1,C12745,C5030
215258,U40662@DOM1,C1936,C706
215285,U40329@DOM1,C15007,C706
215321,U41114@DOM1,C6367,C1685
215345,U40324@DOM1,C14993,C231
215357,U40583@DOM1,C17887,C706
215357,U40584@DOM1,C17887,C359
215357,U40584@DOM1,C17887,C231
215357,U40584@DOM1,C17887,C706
215397,U40166@DOM1,C13631,C231
215397,U40166@DOM1,C13631,C1685
215397,U40167@DOM1,C13631,C231
215403,U40036@DOM1,C11281,C3443
215412,U40327@DOM1,C15005,C706
215448,U40425@DOM1,C16033,C586
215448,U40426@DOM1,C16033,C625
215453,U40425@DOM1,C16033,C231
215516,U40786@DOM1,C2496,C706
215524,U41011@DOM1,C4988,C706
215528,U40095@DOM1,C1243,C706
215528,U40096@DOM1,C1243,C706
215531,U40897@DOM1,C3451,C2174
215531,U41006@DOM1,C484,C467
215531,U41006@DOM1,C484,C5030
215532,U41181@DOM1,C8371,C5721
215533,U40084@DOM1,C12347,C231
215543,U40113@DOM1,C12766,C706
215550,U40586@DOM1,C17890,C231
215555,U40371@DOM1,C15397,C1065
215609,U40786@DOM1,C2496,C2174
215612,U40127@DOM1,C13183,C743
215612,U40127@DOM1,C13183,C457
215627,U40304@DOM1,C14866,C706
215637,U40390@DOM1,C15615,C5030
215640,U40786@DOM1,C2496,C612
215642,U40532@DOM1,C17291,C1707
215642,U40533@DOM1,C17291,C1707
215647,U40880@DOM1,C3204,C612
215648,U41177@DOM1,C8147,C706
215661,U40961@DOM1,C4233,C1065
215671,U40786@DOM1,C2496,C1685
215671,U40786@DOM1,C2496,C5030
215682,U41173@DOM1,C806,C706
215703,U40771@DOM1,C2472,C5030
215704,U40148@DOM1,C13431,C706
215706,U40384@DOM1,C15556,C5640
215706,U40384@DOM1,C15556,C706
215721,U40175@DOM1,C13726,C586
215721,U40175@DOM1,C13726,C231
215721,U40175@DOM1,C13726,C529
215734,U40571@DOM1,C17815,C359
215763,U40785@DOM1,C2496,C1685
215783,U40784@DOM1,C2493,C706
215828,U40159@DOM1,C13539,C231
215851,U40184@DOM1,C13907,C359
215851,U40184@DOM1,C13907,C1003
215870,U40587@DOM1,C17905,C5030
215884,U40115@DOM1,C12845,C586
215887,U40785@DOM1,C2496,C231
215948,U40099@DOM1,C12630,C706
215949,U40785@DOM1,C2496,C5030
215950,U40041@DOM1,C11346,C231
215952,U41222@DOM1,C9426,C231
215995,U40944@DOM1,C4033,C528
215995,U40944@DOM1,C4033,C231
216012,U40320@DOM1,C14940,C706
216012,U40320@DOM1,C14940,C5030
216026,U40238@DOM1,C1435,C231
216077,U40587@DOM1,C17905,C457
216147,U40328@DOM1,C15007,C5030
216214,U40083@DOM1,C12318,C706
216221,U40588@DOM1,C17922,C612
216235,U40932@DOM1,C3715,C529
216319,U40862@DOM1,C3026,C61
216336,U40300@DOM1,C14818,C1685
216352,U40380@DOM1,C15445,C5030
216368,U40369@DOM1,C15394,C1707
216398,U40589@DOM1,C17922,C231
216414,U41009@DOM1,C4914,C5030
216547,U40347@DOM1,C15207,C612
216555,U40880@DOM1,C3204,C706
216576,U40603@DOM1,C18002,C706
216587,U40889@DOM1,C337,C5030
216587,U40889@DOM1,C337,C1685
216734,U40067@DOM1,C12038,C706
216751,U40395@DOM1,C15628,C706
216756,U40589@DOM1,C17922,C2109
216758,U40153@DOM1,C135,C467
216788,U40552@DOM1,C1754,C231
216788,U40553@DOM1,C1754,C231
216788,U40553@DOM1,C1754,C529
216847,U40160@DOM1,C13568,C5136
216887,U40286@DOM1,C14713,C529
216887,U40286@DOM1,C14713,C1685
216905,U40646@DOM1,C18325,C1685
216905,U40647@DOM1,C18325,C1707
216925,U40965@DOM1,C4271,C231
216925,U40965@DOM1,C4271,C5030
217005,U40959@DOM1,C4232,C231
217005,U40960@DOM1,C4232,C706
217059,U40376@DOM1,C15423,C706
217059,U40376@DOM1,C15423,C457
217059,U40377@DOM1,C15423,C706
217067,U40377@DOM1,C15423,C231
217137,U40439@DOM1,C16071,C467
217139,U40439@DOM1,C16071,C612
217209,U40988@DOM1,C4559,C529
217355,U40221@DOM1,C14244,C15539
217355,U40222@DOM1,C14244,C1797
217378,U40573@DOM1,C17823,C231
217417,U40826@DOM1,C2683,C46
217446,U40622@DOM1,C18150,C2519
217467,U40680@DOM1,C2032,C706
217497,U40494@DOM1,C16957,C1685
217503,U40281@DOM1,C14678,C1065
217507,U40662@DOM1,C1936,C1685
217551,U41182@DOM1,C8388,C231
217597,U40582@DOM1,C17872,C612
217695,U40779@DOM1,C24851,C5782
217718,U40904@DOM1,C3534,C625
217729,U40060@DOM1,C11885,C706
217729,U40060@DOM1,C11885,C5030
217733,U41180@DOM1,C8310,C5030
217733,U41180@DOM1,C8310,C1707
217741,U40064@DOM1,C11996,C1707
217741,U40064@DOM1,C11996,C706
217741,U40064@DOM1,C11996,C5030
217751,U40104@DOM1,C12691,C706
217751,U40104@DOM1,C12691,C1685
217751,U40105@DOM1,C12691,C5030
217754,U40612@DOM1,C18068,C586
217806,U40119@DOM1,C1299,C2483
217806,U40119@DOM1,C1299,C612
217806,U40120@DOM1,C1299,C5590
217806,U40963@DOM1,C426,C1707
217806,U40964@DOM1,C426,C1707
217806,U41047@DOM1,C5498,C1707
217806,U41048@DOM1,C5498,C1707
217808,U40652@DOM1,C1898,C529
217808,U40653@DOM1,C1898,C529
217810,U40611@DOM1,C18068,C706
217810,U40611@DOM1,C18068,C612
217823,U40580@DOM1,C17853,C1685
217834,U40756@DOM1,C2436,C1707
217835,U40152@DOM1,C13492,C528
217835,U40152@DOM1,C13492,C231
217861,U40610@DOM1,C18054,C625
217875,U40467@DOM1,C16557,C231
217921,U40114@DOM1,C12766,C5030
217921,U40114@DOM1,C12766,C586
217929,U40425@DOM1,C16033,C625
217929,U40426@DOM1,C16033,C586
217929,U40426@DOM1,C16033,C231
217940,U40582@DOM1,C17872,C1685
217966,U41136@DOM1,C6920,C706
218023,U40613@DOM1,C18074,C2174
218036,U40917@DOM1,C3607,C1883
218047,U40853@DOM1,C2827,C1065
218054,U41062@DOM1,C5785,C1707
218054,U41062@DOM1,C5785,C5900
218054,U41063@DOM1,C5785,C1685
218075,U40165@DOM1,C13629,C5030
218075,U40165@DOM1,C13629,C467
218104,U40197@DOM1,C14040,C1685
218151,U41018@DOM1,C5069,C231
218155,U40684@DOM1,C2087,C5030
218166,U40697@DOM1,C22442,C1685
218181,U40902@DOM1,C3484,C231
218181,U40902@DOM1,C3484,C706
218203,U40686@DOM1,C2159,C46
218241,U41112@DOM1,C6360,C612
218241,U41113@DOM1,C6360,C612
218254,U40170@DOM1,C13667,C467
218293,U40132@DOM1,C13243,C1685
218328,U41055@DOM1,C5763,C5515
218328,U41056@DOM1,C5763,C8772
218361,U40695@DOM1,C2229,C528
218370,U41236@DOM1,C9806,C5030
218393,U41097@DOM1,C5948,C706
218418,U748@DOM1,C17693,C504
218433,U40605@DOM1,C18012,C1707
218470,U40114@DOM1,C12766,C1707
218476,U40462@DOM1,C16467,C1707
218520,U40326@DOM1,C15003,C5030
218520,U40326@DOM1,C15003,C231
218547,U40594@DOM1,C17968,C586
218559,U40829@DOM1,C27086,C1707
218559,U40829@DOM1,C27086,C1685
218559,U40830@DOM1,C27086,C1685
218566,U40661@DOM1,C1936,C231
218643,U41032@DOM1,C5332,C5721
218730,U40947@DOM1,C4081,C231
218736,U40112@DOM1,C12745,C1685
218765,U40509@DOM1,C17082,C1065
218782,U40504@DOM1,C17055,C529
218888,U40975@DOM1,C4377,C231
218888,U40975@DOM1,C4377,C1685
218940,U40777@DOM1,C24839,C1685
218940,U40778@DOM1,C24839,C1685
218965,U41190@DOM1,C8559,C706
218965,U41191@DOM1,C8559,C706
218965,U41191@DOM1,C8559,C5030
219037,U40261@DOM1,C14527,C586
219093,U41108@DOM1,C631,C5030
219131,U40603@DOM1,C18002,C625
219194,U40292@DOM1,C14777,C1707
219295,U40519@DOM1,C17178,C359
219295,U40519@DOM1,C17178,C231
219307,U40510@DOM1,C17083,C231
219307,U40511@DOM1,C17083,C5588
219424,U40207@DOM1,C14186,C2109
219489,U40224@DOM1,C14247,C1685
219500,U40789@DOM1,C25059,C1707
219500,U40790@DOM1,C25059,C1707
219529,U40994@DOM1,C4618,C5030
219540,U40612@DOM1,C18068,C1685
219540,U40612@DOM1,C18068,C1065
219542,U40666@DOM1,C19517,C1707
219622,U40114@DOM1,C12766,C2519
219625,U40129@DOM1,C13190,C13190
219666,U40031@DOM1,C1108,C231
219669,U40158@DOM1,C13539,C231
219747,U40879@DOM1,C3198,C231
219773,U40077@DOM1,C12172,C5030
219773,U40077@DOM1,C12172,C1065
219829,U40031@DOM1,C1108,C1707
219858,U40218@DOM1,C14229,C706
219902,U40617@DOM1,C18091,C528
219902,U40617@DOM1,C18091,C1685
219902,U40617@DOM1,C18091,C586
219909,U40816@DOM1,C26428,C1685
219930,U40617@DOM1,C18091,C467
219934,U40984@DOM1,C4545,C528
219934,U40985@DOM1,C4545,C528
219961,U40616@DOM1,C18091,C586
219961,U40616@DOM1,C18091,C528
219981,U40156@DOM1,C13534,C1685
219981,U40156@DOM1,C13534,C1707
219981,U40157@DOM1,C13534,C1685
219981,U40157@DOM1,C13534,C1707
220017,U40058@DOM1,C11827,C586
220017,U40058@DOM1,C11827,C231
220055,U40647@DOM1,C18325,C1685
220152,U40106@DOM1,C12707,C5030
220152,U40107@DOM1,C12707,C5030
220165,U40475@DOM1,C16700,C1685
220270,U41024@DOM1,C5176,C706
220349,U40927@DOM1,C3664,C231
220349,U40927@DOM1,C3664,C706
220493,U40265@DOM1,C14540,C5030
220496,U40142@DOM1,C13337,C1707
220496,U40143@DOM1,C13337,C1685
220572,U40356@DOM1,C15268,C231
220674,U40745@DOM1,C23931,C1685
220682,U40269@DOM1,C14589,C706
220710,U40283@DOM1,C14692,C2174
220732,U40166@DOM1,C13631,C706
220732,U40167@DOM1,C13631,C359
220819,U40800@DOM1,C2533,C1685
220819,U40800@DOM1,C2533,C231
220926,U40404@DOM1,C15699,C467
220970,U41129@DOM1,C677,C5721
220993,U40759@DOM1,C24464,C231
220993,U40759@DOM1,C24464,C1707
221009,U40290@DOM1,C14754,C1685
221011,U40196@DOM1,C14025,C231
221021,U40293@DOM1,C14784,C1707
221051,U41065@DOM1,C5791,C359
221051,U41065@DOM1,C5791,C231
221082,U40268@DOM1,C14557,C231
221144,U40330@DOM1,C1506,C1685
221187,U40067@DOM1,C12038,C1685
221211,U41066@DOM1,C5791,C231
221211,U41066@DOM1,C5791,C529
221211,U41066@DOM1,C5791,C359
221254,U40759@DOM1,C24464,C1065
221254,U40759@DOM1,C24464,C586
221257,U40336@DOM1,C15129,C1707
221257,U40336@DOM1,C15129,C612
221260,U40767@DOM1,C24689,C1685
221260,U40768@DOM1,C24689,C1685
221272,U40759@DOM1,C24464,C467
221354,U40558@DOM1,C17660,C5782
221397,U41033@DOM1,C5334,C706
221402,U40610@DOM1,C18054,C359
221514,U40551@DOM1,C17536,C22529
221531,U40757@DOM1,C2438,C5030
221547,U40356@DOM1,C15268,C5030
221678,U40522@DOM1,C17219,C1685
221678,U40523@DOM1,C17219,C1707
221712,U40206@DOM1,C14179,C1707
221911,U41229@DOM1,C9627,C706
221911,U41229@DOM1,C9627,C5030
221945,U40996@DOM1,C4643,C586
222000,U40583@DOM1,C17887,C359
222025,U40810@DOM1,C26227,C1685
222025,U40811@DOM1,C26227,C1685
222058,U40620@DOM1,C18104,C231
222135,U40481@DOM1,C16825,C612
222148,U41131@DOM1,C6810,C457
222158,U40249@DOM1,C14477,C231
222174,U40334@DOM1,C15122,C457
222174,U40335@DOM1,C15122,C12127
222174,U40335@DOM1,C15122,C457
222179,U40848@DOM1,C282,C1707
222225,U40802@DOM1,C2548,C706
222234,U40500@DOM1,C17023,C359
222297,U40087@DOM1,C12393,C706
222371,U41130@DOM1,C6810,C529
222392,U40190@DOM1,C13948,C1065
222433,U40763@DOM1,C24637,C1707
222433,U40764@DOM1,C24637,C2091
222434,U40999@DOM1,C4693,C706
222478,U40853@DOM1,C2827,C743
222516,U40282@DOM1,C14692,C706
222516,U40283@DOM1,C14692,C231
222522,U41239@DOM1,C9870,C467
222524,U40207@DOM1,C14186,C1685
222579,U41041@DOM1,C5461,C706
222579,U41042@DOM1,C5461,C231
222662,U40228@DOM1,C14270,C1883
222699,U40178@DOM1,C13795,C528
222699,U40179@DOM1,C13795,C1707
222823,U40281@DOM1,C14678,C706
222941,U40311@DOM1,C14903,C5030
222970,U40585@DOM1,C17890,C359
222970,U40586@DOM1,C17890,C2109
223002,U40784@DOM1,C2493,C1707
223017,U40613@DOM1,C18074,C706
223017,U40613@DOM1,C18074,C231
223090,U40242@DOM1,C14439,C1065
223102,U40709@DOM1,C22786,C1707
223135,U40943@DOM1,C4015,C231
223135,U40943@DOM1,C4015,C706
223154,U41174@DOM1,C806,C5030
223183,U41224@DOM1,C9535,C231
223191,U40253@DOM1,C14500,C231
223193,U41111@DOM1,C6346,C1707
223262,U40718@DOM1,C2320,C467
223445,U40486@DOM1,C16852,C1707
223445,U40487@DOM1,C16852,C1707
223453,U40178@DOM1,C13795,C529
223453,U40178@DOM1,C13795,C586
223548,U41197@DOM1,C881,C5030
223699,U40612@DOM1,C18068,C706
223704,U40065@DOM1,C12016,C1707
223728,U40889@DOM1,C337,C231
223783,U40989@DOM1,C4567,C1685
223809,U40237@DOM1,C14343,C1685
223908,U40035@DOM1,C11161,C706
223937,U40481@DOM1,C16825,C231
223954,U40842@DOM1,C2769,C2162
223961,U40032@DOM1,C11114,C5030
223986,U40187@DOM1,C13920,C2109
224024,U41004@DOM1,C4835,C1065
224024,U41004@DOM1,C4835,C706
224063,U40160@DOM1,C13568,C1707
224093,U40253@DOM1,C14500,C457
224093,U40254@DOM1,C14500,C1685
224093,U40254@DOM1,C14500,C231
224152,U40192@DOM1,C13968,C1685
224162,U40618@DOM1,C18097,C231
224162,U40619@DOM1,C18097,C1707
224162,U40619@DOM1,C18097,C231
224267,U40063@DOM1,C11996,C231
224267,U40063@DOM1,C11996,C529
224310,U41128@DOM1,C6758,C706
224311,U41062@DOM1,C5785,C1685
224311,U41063@DOM1,C5785,C5900
224321,U40283@DOM1,C14692,C1065
224340,U40871@DOM1,C3131,C625
224382,U40955@DOM1,C4165,C231
224415,U40816@DOM1,C26428,C1707
224457,U40908@DOM1,C3544,C231
224457,U40960@DOM1,C4232,C1065
224486,U40612@DOM1,C18068,C359
224495,U40222@DOM1,C14244,C16950
224535,U40878@DOM1,C3165,C612
224552,U40884@DOM1,C3260,C231
224552,U40885@DOM1,C3260,C5030
224562,U40885@DOM1,C3260,C231
224609,U40659@DOM1,C1928,C5030
224614,U41180@DOM1,C8310,C706
224698,U40402@DOM1,C15678,C529
224698,U40403@DOM1,C15678,C22529
224713,U40397@DOM1,C15640,C5030
224754,U40207@DOM1,C14186,C706
224768,U40945@DOM1,C4077,C231
224768,U40946@DOM1,C4077,C706
224789,U41179@DOM1,C831,C231
224799,U40737@DOM1,C23728,C359
224876,U40357@DOM1,C15285,C5030
224911,U40519@DOM1,C17178,C15001
224937,U40692@DOM1,C21792,C11580
224937,U40692@DOM1,C21792,C17399
224948,U41182@DOM1,C8388,C743
224948,U41183@DOM1,C8388,C231
224977,U40299@DOM1,C14818,C2174
224977,U40300@DOM1,C14818,C2174
224984,U40094@DOM1,C12427,C1707
225005,U40087@DOM1,C12393,C5030
225021,U40920@DOM1,C3629,C231
225071,U40473@DOM1,C16694,C231
225071,U40473@DOM1,C16694,C22529
225071,U40473@DOM1,C16694,C586
225122,U40099@DOM1,C12630,C1065
225191,U40735@DOM1,C23726,C359
225191,U40736@DOM1,C23726,C359
225246,U40806@DOM1,C258,C1707
225330,U40538@DOM1,C17365,C957
225340,U40559@DOM1,C17680,C457
225361,U40842@DOM1,C2769,C2866
225361,U40842@DOM1,C2769,C1443
225406,U40760@DOM1,C2459,C706
225446,U40024@DOM1,C10957,C5721
225627,U40243@DOM1,C14445,C1707
225635,U41097@DOM1,C5948,C231
225721,U40363@DOM1,C15355,C1685
225740,U40480@DOM1,C16825,C529
225740,U40480@DOM1,C16825,C612
225747,U40416@DOM1,C15839,C231
225747,U40416@DOM1,C15839,C2109
225747,U40417@DOM1,C15839,C231
225747,U40417@DOM1,C15839,C529
225773,U40113@DOM1,C12766,C5030
225773,U40114@DOM1,C12766,C612
225798,U40723@DOM1,C23315,C1707
225798,U40724@DOM1,C23315,C1707
225973,U40890@DOM1,C3374,C585
226006,U41159@DOM1,C7352,C5030
226017,U41214@DOM1,C920,C231
226100,U41116@DOM1,C64,C1707
226132,U40101@DOM1,C12654,C529
226147,U41005@DOM1,C4835,C1065
226151,U40941@DOM1,C3990,C231
226151,U40941@DOM1,C3990,C706
226199,U40445@DOM1,C161,C231
226282,U40687@DOM1,C21628,C359
226282,U40688@DOM1,C21628,C1707
226282,U40688@DOM1,C21628,C359
226307,U40079@DOM1,C122,C1685
226427,U40662@DOM1,C1936,C5640
226447,U40089@DOM1,C12406,C1707
226533,U40044@DOM1,C11455,C1685
226543,U41083@DOM1,C5864,C1685
226550,U40312@DOM1,C14903,C612
226609,U41086@DOM1,C5888,C1685
226609,U41087@DOM1,C5888,C1685
226612,U40954@DOM1,C4165,C231
226652,U40797@DOM1,C2517,C3761
226691,U41028@DOM1,C5279,C5030
226709,U40078@DOM1,C12177,C1883
226709,U40078@DOM1,C12177,C1685
226737,U40260@DOM1,C14527,C528
226741,U40250@DOM1,C14483,C231
226743,U40593@DOM1,C1796,C1707
226743,U40593@DOM1,C1796,C706
226770,U40886@DOM1,C3336,C706
226770,U40887@DOM1,C3336,C231
226790,U41118@DOM1,C6421,C706
226882,U40208@DOM1,C14186,C612
226892,U40687@DOM1,C21628,C1707
226903,U41110@DOM1,C6346,C359
226903,U41110@DOM1,C6346,C706
226904,U40339@DOM1,C15160,C231
226904,U40340@DOM1,C15160,C231
226924,U40207@DOM1,C14186,C457
226924,U40208@DOM1,C14186,C231
226999,U41126@DOM1,C6604,C457
226999,U41126@DOM1,C6604,C1065
226999,U41126@DOM1,C6604,C529
227021,U40360@DOM1,C15303,C467
227028,U40587@DOM1,C17905,C612
227028,U40587@DOM1,C17905,C5720
227052,U748@DOM1,C17693,C148
227057,U40611@DOM1,C18068,C359
227134,U40573@DOM1,C17823,C467
227209,U40626@DOM1,C18163,C359
227241,U40986@DOM1,C4550,C5030
227305,U40530@DOM1,C17279,C1707
227308,U40809@DOM1,C2604,C5030
227309,U40625@DOM1,C18163,C2174
227323,U40961@DOM1,C4233,C1685
227339,U40531@DOM1,C17279,C231
227408,U748@DOM1,C17693,C148
227445,U40214@DOM1,C14216,C612
227445,U40214@DOM1,C14216,C231
227480,U40627@DOM1,C18167,C1685
227480,U40628@DOM1,C18167,C1685
227520,U748@DOM1,C17693,C148
227690,U40210@DOM1,C1420,C231
227690,U40210@DOM1,C1420,C1685
227764,U40273@DOM1,C14619,C625
227780,U748@DOM1,C17693,C148
227796,U40662@DOM1,C1936,C1944
227802,U40261@DOM1,C14527,C528
227818,U40765@DOM1,C2464,C231
227826,U40299@DOM1,C14818,C586
227826,U40300@DOM1,C14818,C706
227840,U40603@DOM1,C18002,C529
227919,U41127@DOM1,C6758,C706
227925,U40820@DOM1,C26652,C1707
227925,U40820@DOM1,C26652,C1685
227937,U40706@DOM1,C22724,C1685
227937,U40706@DOM1,C22724,C1707
227991,U40336@DOM1,C15129,C529
228005,U40235@DOM1,C14313,C528
228005,U40489@DOM1,C16897,C706
228024,U748@DOM1,C17693,C148
228027,U40245@DOM1,C1447,C706
228061,U40069@DOM1,C1205,C231
228150,U748@DOM1,C17693,C148
228269,U40201@DOM1,C14066,C231
228354,U40846@DOM1,C2798,C231
228354,U40846@DOM1,C2798,C706
228354,U40847@DOM1,C2798,C706
228358,U41023@DOM1,C5154,C231
228358,U41023@DOM1,C5154,C706
228393,U40630@DOM1,C18174,C625
228393,U40631@DOM1,C18174,C625
228393,U40631@DOM1,C18174,C529
228403,U40629@DOM1,C18170,C706
228403,U40629@DOM1,C18170,C625
228490,U40852@DOM1,C2827,C743
228490,U40853@DOM1,C2827,C5030
228507,U40632@DOM1,C18179,C2109
228507,U40633@DOM1,C18179,C529
228507,U40633@DOM1,C18179,C2109
228528,U40632@DOM1,C18179,C231
228528,U40633@DOM1,C18179,C231
228540,U40630@DOM1,C18174,C529
228563,U41035@DOM1,C5337,C706
228591,U40253@DOM1,C14500,C1685
228613,U40231@DOM1,C14296,C706
228642,U1723@DOM1,C17693,C231
228653,U40632@DOM1,C18179,C529
228658,U40183@DOM1,C13907,C5030
228658,U1723@DOM1,C17693,C231
228696,U40866@DOM1,C3044,C5030
228736,U40104@DOM1,C12691,C5030
228769,U40363@DOM1,C15355,C5900
228830,U40210@DOM1,C1420,C706
228928,U40667@DOM1,C1954,C5030
228934,U40625@DOM1,C18163,C359
228934,U40625@DOM1,C18163,C231
228934,U40626@DOM1,C18163,C2174
228934,U40626@DOM1,C18163,C231
228934,U40626@DOM1,C18163,C1685
228963,U40560@DOM1,C17680,C1707
228966,U40222@DOM1,C14244,C5698
229006,U40413@DOM1,C15802,C706
229006,U40413@DOM1,C15802,C1707
229006,U40414@DOM1,C15802,C231
229008,U41181@DOM1,C8371,C5030
229046,U1723@DOM1,C17693,C231
229053,U41102@DOM1,C6067,C467
229082,U40561@DOM1,C17682,C529
229109,U40244@DOM1,C14445,C706
229123,U40530@DOM1,C17279,C231
229123,U40531@DOM1,C17279,C1707
229135,U40561@DOM1,C17682,C1685
229135,U40561@DOM1,C17682,C231
229157,U40104@DOM1,C12691,C231
229157,U40105@DOM1,C12691,C231
229178,U41067@DOM1,C5794,C2109
229310,U40372@DOM1,C15399,C585
229310,U40373@DOM1,C15399,C585
229316,U40511@DOM1,C17083,C1707
229328,U40144@DOM1,C13360,C231
229353,U40342@DOM1,C15180,C231
229354,U40710@DOM1,C22786,C1883
229368,U40326@DOM1,C15003,C586
229387,U40659@DOM1,C1928,C231
229387,U40660@DOM1,C1928,C5030
229389,U40583@DOM1,C17887,C231
229411,U40459@DOM1,C16397,C231
229425,U40802@DOM1,C2548,C586
229457,U41201@DOM1,C8914,C706
229457,U41201@DOM1,C8914,C1685
229457,U41202@DOM1,C8914,C1685
229564,U40660@DOM1,C1928,C1707
229617,U40112@DOM1,C12745,C529
229631,U40470@DOM1,C16675,C16675
229631,U40471@DOM1,C16675,C1685
229652,U40874@DOM1,C315,C1685
229686,U40635@DOM1,C18191,C467
229686,U40635@DOM1,C18191,C231
229686,U40636@DOM1,C18191,C467
229722,U40290@DOM1,C14754,C5900
229722,U40290@DOM1,C14754,C359
229722,U40291@DOM1,C14754,C5900
229789,U40650@DOM1,C18636,C1685
229811,U40445@DOM1,C161,C5640
229811,U40446@DOM1,C161,C706
229825,U40654@DOM1,C19,C5136
229976,U40193@DOM1,C13988,C529
230017,U40636@DOM1,C18191,C231
230093,U40895@DOM1,C3440,C231
230116,U40390@DOM1,C15615,C706
230135,U40593@DOM1,C1796,C612
230168,U40956@DOM1,C421,C457
230185,U40113@DOM1,C12766,C612
230209,U40993@DOM1,C4616,C1707
230209,U40993@DOM1,C4616,C5030
230220,U40783@DOM1,C2493,C231
230220,U40783@DOM1,C2493,C706
230268,U40389@DOM1,C15609,C612
230301,U40030@DOM1,C11051,C585
230301,U40030@DOM1,C11051,C743
230313,U40151@DOM1,C13488,C1685
230337,U40260@DOM1,C14527,C1707
230352,U40168@DOM1,C13638,C231
230395,U1723@DOM1,C17693,C1003
230398,U41163@DOM1,C7863,C1065
230408,U40674@DOM1,C20165,C20165
230507,U41176@DOM1,C814,C528
230542,U40572@DOM1,C17823,C1685
230542,U40573@DOM1,C17823,C457
230587,U40193@DOM1,C13988,C612
230587,U40193@DOM1,C13988,C706
230620,U40321@DOM1,C14984,C625
230731,U40141@DOM1,C13316,C5030
230768,U40611@DOM1,C18068,C625
230775,U40807@DOM1,C2584,C1065
230830,U41099@DOM1,C6037,C1685
230889,U40987@DOM1,C4550,C231
230977,U40897@DOM1,C3451,C706
230985,U40338@DOM1,C1515,C5030
230985,U40338@DOM1,C1515,C1685
230985,U40338@DOM1,C1515,C231
231082,U40260@DOM1,C14527,C586
231082,U40261@DOM1,C14527,C1707
231168,U41203@DOM1,C894,C706
231168,U41203@DOM1,C894,C467
231168,U41203@DOM1,C894,C529
231171,U40978@DOM1,C4508,C1685
231171,U40978@DOM1,C4508,C1065
231195,U40826@DOM1,C2683,C1685
231234,U41025@DOM1,C5176,C612
231244,U40113@DOM1,C12766,C467
231451,U40858@DOM1,C2893,C1707
231522,U40188@DOM1,C13937,C231
231551,U40917@DOM1,C3607,C1707
231551,U40918@DOM1,C3607,C1685
231557,U40167@DOM1,C13631,C1685
231605,U40922@DOM1,C3654,C1200
231605,U40923@DOM1,C3654,C1200
231612,U40174@DOM1,C13717,C5030
231626,U40841@DOM1,C2760,C1707
231651,U40347@DOM1,C15207,C231
231652,U40347@DOM1,C15207,C1707
231696,U40575@DOM1,C17835,C231
231737,U40079@DOM1,C122,C586
231737,U40079@DOM1,C122,C5030
231743,U41164@DOM1,C7904,C231
231743,U41165@DOM1,C7904,C467
231754,U40382@DOM1,C15498,C457
231765,U40519@DOM1,C17178,C529
231787,U40861@DOM1,C3021,C612
231788,U40599@DOM1,C17986,C1503
231788,U40600@DOM1,C17986,C1503
231789,U40748@DOM1,C24057,C1707
231841,U41030@DOM1,C5323,C706
231865,U40461@DOM1,C1645,C1707
231870,U40909@DOM1,C3553,C231
231870,U40910@DOM1,C3553,C231
231933,U40449@DOM1,C16179,C467
231933,U40450@DOM1,C16179,C467
231961,U40945@DOM1,C4077,C706
231961,U40946@DOM1,C4077,C231
232009,U40540@DOM1,C17407,C706
232103,U40539@DOM1,C17400,C5030
232122,U40334@DOM1,C15122,C12127
232123,U40394@DOM1,C15626,C2685
232287,U40959@DOM1,C4232,C1685
232405,U40630@DOM1,C18174,C706
232445,U40000@DOM1,C10051,C10051
232445,U40001@DOM1,C10051,C10051
232457,U40903@DOM1,C3496,C1707
232494,U41184@DOM1,C843,C5030
232504,U41103@DOM1,C608,C5030
232510,U40197@DOM1,C14040,C706
232510,U40197@DOM1,C14040,C231
232546,U40473@DOM1,C16694,C706
232609,U40702@DOM1,C22494,C397
232625,U40881@DOM1,C3235,C5030
232626,U40221@DOM1,C14244,C16950
232641,U40097@DOM1,C12541,C612
232644,U40665@DOM1,C1947,C5030
232812,U40780@DOM1,C24854,C1707
232820,U40236@DOM1,C14343,C1707
232833,U40116@DOM1,C12845,C586
232899,U41104@DOM1,C6110,C585
232947,U40555@DOM1,C17553,C359
232964,U41110@DOM1,C6346,C586
233022,U40433@DOM1,C16062,C1707
233027,U41024@DOM1,C5176,C467
233027,U41025@DOM1,C5176,C467
233032,U40432@DOM1,C16062,C706
233032,U40433@DOM1,C16062,C706
233032,U40433@DOM1,C16062,C231
233035,U40108@DOM1,C12716,C1685
233035,U40109@DOM1,C12716,C706
233051,U40707@DOM1,C22724,C4872
233098,U40501@DOM1,C17023,C5030
233255,U40603@DOM1,C18002,C231
233255,U40604@DOM1,C18002,C1707
233287,U40879@DOM1,C3198,C1685
233287,U41022@DOM1,C515,C706
233302,U40661@DOM1,C1936,C528
233373,U40738@DOM1,C23728,C359
233512,U40838@DOM1,C2749,C5030
233512,U40838@DOM1,C2749,C231
233513,U40875@DOM1,C3163,C231
233554,U40815@DOM1,C2640,C5030
233569,U40703@DOM1,C22494,C397
233640,U40348@DOM1,C15214,C2174
233654,U41068@DOM1,C58,C231
233654,U41068@DOM1,C58,C467
233671,U40460@DOM1,C1645,C706
233690,U40088@DOM1,C12406,C5720
233690,U40089@DOM1,C12406,C5030
233726,U40283@DOM1,C14692,C1685
233767,U40202@DOM1,C14090,C231
233772,U40354@DOM1,C15266,C1685
233890,U40291@DOM1,C14754,C1685
233921,U40952@DOM1,C4131,C706
233928,U41156@DOM1,C7298,C5306
233931,U40244@DOM1,C14445,C612
233975,U40016@DOM1,C10713,C231
234007,U41137@DOM1,C6928,C5030
234016,U40520@DOM1,C17205,C1065
234016,U40521@DOM1,C17205,C231
234057,U40520@DOM1,C17205,C231
234057,U40520@DOM1,C17205,C5030
234057,U40521@DOM1,C17205,C1065
234057,U40521@DOM1,C17205,C625
234062,U40348@DOM1,C15214,C231
234062,U40349@DOM1,C15214,C2174
234063,U40442@DOM1,C16079,C1883
234064,U40523@DOM1,C17219,C1685
234079,U40675@DOM1,C20165,C1685
234203,U40618@DOM1,C18097,C1707
234246,U40836@DOM1,C274,C231
234262,U40520@DOM1,C17205,C625
234262,U40521@DOM1,C17205,C5030
234306,U41130@DOM1,C6810,C457
234352,U40516@DOM1,C17167,C359
234352,U40517@DOM1,C17167,C359
234385,U40920@DOM1,C3629,C706
234387,U40325@DOM1,C15001,C5030
234428,U40270@DOM1,C14592,C231
234428,U40271@DOM1,C14592,C1685
234480,U40244@DOM1,C14445,C528
234508,U40314@DOM1,C14907,C706
234509,U40385@DOM1,C15586,C5030
234509,U40385@DOM1,C15586,C457
234509,U40386@DOM1,C15586,C5030
234509,U40386@DOM1,C15586,C457
234602,U40852@DOM1,C2827,C1065
234602,U40853@DOM1,C2827,C231
234667,U748@DOM1,C17693,C504
234728,U40065@DOM1,C12016,C1685
234751,U41001@DOM1,C4722,C1707
234757,U40825@DOM1,C26743,C26743
234789,U40077@DOM1,C12172,C457
234789,U40077@DOM1,C12172,C467
234800,U40474@DOM1,C16698,C1685
234836,U40968@DOM1,C4297,C231
234841,U40420@DOM1,C159,C706
234870,U40558@DOM1,C17660,C1707
234870,U40611@DOM1,C18068,C586
234871,U41218@DOM1,C9219,C1707
234968,U40349@DOM1,C15214,C231
234974,U40625@DOM1,C18163,C1685
234986,U40145@DOM1,C13378,C5030
234986,U40146@DOM1,C13378,C231
235142,U40100@DOM1,C12654,C612
235142,U40101@DOM1,C12654,C625
235271,U40303@DOM1,C14864,C231
235292,U41111@DOM1,C6346,C231
235333,U40870@DOM1,C3122,C22529
235333,U40870@DOM1,C3122,C5136
235385,U40826@DOM1,C2683,C5030
235408,U40330@DOM1,C1506,C5030
235433,U40118@DOM1,C1295,C1685
235478,U40715@DOM1,C2303,C706
235478,U40715@DOM1,C2303,C18810
235478,U40715@DOM1,C2303,C1707
235478,U40716@DOM1,C2303,C706
235497,U40505@DOM1,C17065,C529
235518,U40397@DOM1,C15640,C231
235539,U40445@DOM1,C161,C359
235539,U40445@DOM1,C161,C1707
235539,U40446@DOM1,C161,C1707
235752,U40061@DOM1,C1191,C456
235987,U41216@DOM1,C9201,C9201
236015,U41155@DOM1,C7298,C14258
236075,U40559@DOM1,C17680,C1707
236186,U40165@DOM1,C13629,C359
236318,U41230@DOM1,C9627,C231
236357,U40927@DOM1,C3664,C5030
236361,U40664@DOM1,C1947,C1065
236361,U40665@DOM1,C1947,C706
236361,U40665@DOM1,C1947,C1065
236386,U40244@DOM1,C14445,C467
236391,U40639@DOM1,C18255,C5900
236397,U40611@DOM1,C18068,C5030
236427,U41239@DOM1,C9870,C1685
236432,U40640@DOM1,C18275,C1707
236489,U40693@DOM1,C2205,C5030
236518,U40446@DOM1,C161,C231
236552,U41131@DOM1,C6810,C586
236638,U40129@DOM1,C13190,C18219
236648,U41097@DOM1,C5948,C467
236756,U40144@DOM1,C13360,C1707
236842,U40463@DOM1,C16490,C5721
236895,U40893@DOM1,C3405,C231
236927,U40070@DOM1,C12104,C625
236927,U40070@DOM1,C12104,C5030
236951,U40956@DOM1,C421,C706
236951,U40956@DOM1,C421,C5030
236958,U40100@DOM1,C12654,C1685
236979,U40823@DOM1,C2668,C5030
237015,U40271@DOM1,C14592,C612
237108,U40340@DOM1,C15160,C5030
237129,U40366@DOM1,C15370,C754
237160,U41099@DOM1,C6037,C1707
237167,U40772@DOM1,C24721,C1685
237169,U41097@DOM1,C5948,C2109
237189,U40158@DOM1,C13539,C5030
237189,U40366@DOM1,C15370,C706
237196,U40321@DOM1,C14984,C528
237196,U40322@DOM1,C14984,C612
237204,U40201@DOM1,C14066,C1685
237259,U40150@DOM1,C13457,C231
237286,U40857@DOM1,C2871,C706
237330,U41097@DOM1,C5948,C612
237378,U40762@DOM1,C24595,C1707
237378,U40762@DOM1,C24595,C1685
237442,U40775@DOM1,C2480,C1707
237442,U40775@DOM1,C2480,C8340
237525,U41034@DOM1,C5337,C706
237539,U40869@DOM1,C3122,C1015
237559,U40771@DOM1,C2472,C706
237559,U40771@DOM1,C2472,C1707
237637,U40637@DOM1,C18217,C25879
237676,U40048@DOM1,C11564,C1707
237721,U40056@DOM1,C11768,C529
237731,U40056@DOM1,C11768,C706
237839,U40495@DOM1,C16969,C528
237845,U40928@DOM1,C3666,C467
237848,U40158@DOM1,C13539,C706
237896,U40657@DOM1,C19131,C1685
237908,U40492@DOM1,C16945,C706
237908,U40492@DOM1,C16945,C5030
237975,U40457@DOM1,C16363,C706
237975,U40457@DOM1,C16363,C586
237975,U40458@DOM1,C16363,C586
237991,U41133@DOM1,C6857,C586
238027,U40202@DOM1,C14090,C1015
238032,U40458@DOM1,C16363,C706
238047,U40536@DOM1,C17338,C359
238074,U40207@DOM1,C14186,C528
238161,U40986@DOM1,C4550,C706
238174,U41230@DOM1,C9627,C5030
238201,U40593@DOM1,C1796,C1685
238201,U40593@DOM1,C1796,C231
238204,U40562@DOM1,C17682,C528
238208,U40548@DOM1,C1750,C231
238233,U40664@DOM1,C1947,C5136
238276,U40880@DOM1,C3204,C231
238276,U40880@DOM1,C3204,C1707
238328,U40191@DOM1,C13960,C706
238399,U40714@DOM1,C23016,C1707
238421,U40259@DOM1,C14521,C706
238538,U40787@DOM1,C25022,C5698
238559,U40547@DOM1,C1748,C586
238648,U41123@DOM1,C6507,C467
238731,U40354@DOM1,C15266,C706
238821,U41071@DOM1,C5811,C231
238834,U40732@DOM1,C23716,C5782
238835,U40731@DOM1,C23716,C5782
238854,U40939@DOM1,C3906,C586
238861,U40069@DOM1,C1205,C529
238937,U40079@DOM1,C122,C706
238937,U40079@DOM1,C122,C231
239000,U40014@DOM1,C10694,C5782
239000,U40015@DOM1,C10694,C5782
239039,U41119@DOM1,C6442,C22651
239039,U41120@DOM1,C6442,C1685
239221,U40982@DOM1,C453,C231
239277,U40017@DOM1,C10713,C231
239316,U40222@DOM1,C14244,C15539
239320,U40971@DOM1,C436,C5030
239352,U40629@DOM1,C18170,C231
239352,U40629@DOM1,C18170,C529
239439,U40545@DOM1,C17465,C5030
239580,U40364@DOM1,C15355,C5900
239614,U40333@DOM1,C15114,C5030
239653,U40955@DOM1,C4165,C1707
239710,U40962@DOM1,C4254,C231
239765,U41011@DOM1,C4988,C231
239771,U40093@DOM1,C12427,C1707
239816,U40876@DOM1,C3163,C231
239940,U40293@DOM1,C14784,C1685
239953,U40760@DOM1,C2459,C1707
239953,U40760@DOM1,C2459,C231
239994,U40695@DOM1,C2229,C1685
240187,U40427@DOM1,C16045,C2109
240187,U40428@DOM1,C16045,C2109
240391,U40305@DOM1,C14868,C5030
240560,U40918@DOM1,C3607,C1707
240561,U40412@DOM1,C15767,C231
240584,U40854@DOM1,C2850,C706
240628,U40906@DOM1,C354,C231
240698,U40263@DOM1,C1453,C1685
240747,U40957@DOM1,C421,C1065
240810,U40095@DOM1,C1243,C467
240810,U40096@DOM1,C1243,C467
240941,U41215@DOM1,C920,C231
241165,U40771@DOM1,C2472,C1200
241200,U40798@DOM1,C253,C231
241200,U40799@DOM1,C253,C231
241213,U40686@DOM1,C2159,C743
241231,U40729@DOM1,C23679,C23679
241231,U40730@DOM1,C23679,C23679
241233,U40211@DOM1,C14202,C529
241361,U40855@DOM1,C2852,C1707
241364,U40518@DOM1,C17178,C231
241483,U40889@DOM1,C337,C419
241573,U40252@DOM1,C14494,C5030
241599,U40896@DOM1,C3444,C706
241625,U40124@DOM1,C13023,C1685
241983,U40298@DOM1,C14809,C231
242216,U40329@DOM1,C15007,C1707
242216,U40329@DOM1,C15007,C467
242408,U40852@DOM1,C2827,C5030
242408,U40853@DOM1,C2827,C706
242532,U40303@DOM1,C14864,C706
242539,U40877@DOM1,C3165,C529
242646,U40084@DOM1,C12347,C1707
242683,U40008@DOM1,C10529,C457
242710,U40938@DOM1,C3869,C3761
242729,U40320@DOM1,C14940,C586
242744,U40874@DOM1,C315,C528
242766,U40554@DOM1,C17552,C625
242788,U40496@DOM1,C17009,C1685
242788,U40497@DOM1,C17009,C1685
242841,U40560@DOM1,C17680,C4222
242925,U40543@DOM1,C17437,C706
242954,U40413@DOM1,C15802,C5030
242984,U40093@DOM1,C12427,C706
242984,U40093@DOM1,C12427,C612
242984,U40094@DOM1,C12427,C231
243005,U40809@DOM1,C2604,C706
243019,U40063@DOM1,C11996,C1685
243042,U40749@DOM1,C2408,C585
243194,U41217@DOM1,C9201,C1883
243197,U40328@DOM1,C15007,C231
243202,U40453@DOM1,C1624,C5030
243202,U40453@DOM1,C1624,C231
243206,U40034@DOM1,C11161,C706
243206,U40034@DOM1,C11161,C1707
243301,U40548@DOM1,C1750,C706
243301,U40549@DOM1,C1750,C231
243301,U40549@DOM1,C1750,C706
243307,U41008@DOM1,C4872,C1065
243351,U40122@DOM1,C1300,C231
243374,U40365@DOM1,C15370,C1065
243409,U40897@DOM1,C3451,C586
243420,U41094@DOM1,C5913,C1065
243508,U40595@DOM1,C17969,C231
243508,U40596@DOM1,C17969,C231
243518,U41201@DOM1,C8914,C231
243518,U41201@DOM1,C8914,C5030
243688,U40256@DOM1,C14510,C231
243704,U40837@DOM1,C2749,C706
243704,U40837@DOM1,C2749,C1707
243806,U40795@DOM1,C2514,C231
243806,U40796@DOM1,C2514,C231
243894,U40919@DOM1,C3616,C5030
243894,U40919@DOM1,C3616,C706
243899,U40500@DOM1,C17023,C5030
243899,U40501@DOM1,C17023,C231
243974,U40875@DOM1,C3163,C706
243984,U40508@DOM1,C17082,C5030
243984,U40509@DOM1,C17082,C231
243986,U40929@DOM1,C3694,C706
244167,U40412@DOM1,C15767,C5030
244182,U40872@DOM1,C3143,C528
244288,U40504@DOM1,C17055,C754
244398,U40188@DOM1,C13937,C2908
244432,U40968@DOM1,C4297,C5030
244436,U40213@DOM1,C14204,C5030
244503,U40836@DOM1,C274,C467
244670,U41157@DOM1,C7312,C448
244698,U40232@DOM1,C14296,C706
244698,U40232@DOM1,C14296,C231
244710,U40957@DOM1,C421,C1685
244727,U40078@DOM1,C12177,C1707
244742,U40993@DOM1,C4616,C706
244759,U40223@DOM1,C14247,C754
244806,U40142@DOM1,C13337,C1685
244849,U40211@DOM1,C14202,C612
