140004,C4653,C706
140010,C16130,C231
140014,C709,C1707
140026,C14866,C706
140060,C13457,C706
140082,C248,C359
140088,C9063,C359
140100,C4651,C5030
140106,C1515,C612
140119,C515,C612
140168,C12745,C529
140181,C409,C706
140247,C5279,C706
140289,C4165,C5030
140292,C4081,C1707
140304,C17246,C1707
140344,C17076,C754
140352,C10951,C706
140352,C194,C1707
140356,C12318,C1685
140365,C3451,C754
140371,C20165,C1685
140384,C16578,C706
140419,C20312,C1685
140425,C17500,C1685
140425,C13583,C706
140448,C13754,C586
140461,C24710,C1707
140461,C24710,C1685
140487,C1108,C1685
140529,C2908,C5030
140531,C13583,C1707
140537,C2480,C10561
140565,C2387,C467
140603,C5353,C1685
140621,C16653,C359
140625,C122,C5030
140634,C15753,C529
140662,C3801,C529
140669,C15129,C1707
140669,C3715,C5030
140693,C5353,C231
140695,C2459,C706
140709,C17660,C5782
140728,C6442,C1685
140733,C17345,C359
140746,C13431,C5030
140750,C2769,C4025
140817,C5811,C5030
140841,C9705,C5030
140848,C6897,C5030
140865,C14818,C706
140873,C11827,C706
140888,C3380,C22841
140899,C14483,C231
140906,C15180,C1685
140913,C4508,C1685
140930,C1800,C1685
140939,C3405,C1685
140961,C9219,C1685
141001,C90,C1685
141028,C436,C1685
141031,C5111,C1685
141038,C22786,C1707
141057,C2749,C231
141072,C10611,C1685
141076,C768,C1685
141092,C1645,C1707
141097,C831,C1707
141105,C1905,C1685
141126,C13290,C5030
141128,C2683,C5030
141132,C3380,C22841
141154,C1936,C2079
141167,C354,C1707
141201,C14551,C5782
141208,C6367,C1707
141216,C14244,C1797
141232,C17178,C706
141240,C12347,C467
141257,C2492,C457
141270,C12654,C529
141274,C12654,C612
141275,C881,C1707
141276,C5638,C706
141310,C17536,C612
141310,C17536,C528
141311,C1748,C706
141319,C14557,C5030
141341,C11885,C5030
141356,C4367,C706
141376,C3380,C22841
141380,C14053,C706
141399,C5939,C612
141405,C1928,C706
141412,C19897,C467
141458,C7904,C467
141465,C3380,C22841
141470,C3484,C5030
141480,C14692,C2174
141496,C631,C1685
141498,C3380,C22841
141539,C5154,C5136
141573,C2769,C1533
141602,C1954,C706
141605,C194,C529
141614,C15268,C359
141617,C1905,C706
141624,C6346,C528
141628,C14864,C706
141639,C1191,C102
141645,C15218,C231
141651,C3380,C22841
141661,C17407,C5030
141671,C17536,C22529
141673,C2604,C231
141699,C5763,C15513
141703,C14186,C1685
141715,C3165,C529
141721,C15498,C612
141723,C9578,C706
141723,C7991,C1707
141725,C18184,C16112
141731,C2517,C3761
141747,C17465,C5030
141774,C12257,C706
141780,C14488,C529
141780,C14488,C1065
141832,C17552,C457
141841,C4618,C1707
141845,C17552,C231
141880,C6346,C359
141895,C17552,C625
141900,C4367,C1685
141903,C15615,C1685
141909,C21792,C8972
141924,C15403,C706
141925,C3198,C467
141948,C814,C528
141961,C502,C706
141977,C2492,C457
141978,C12147,C1707
141980,C17552,C467
141994,C2475,C706
141997,C15129,C5030
142001,C25059,C1685
142013,C3049,C2685
142018,C5909,C1685
142032,C1823,C779
142037,C2492,C457
142040,C23931,C23931
142050,C13667,C706
142059,C17345,C1707
142069,C4693,C5030
142081,C1823,C1153
142090,C1823,C3740
142103,C17277,C586
142125,C7955,C706
142126,C17277,C457
142151,C4513,C706
142155,C5337,C586
142155,C5337,C1065
142192,C14053,C1707
142207,C2492,C457
142218,C13492,C706
142220,C16969,C528
142224,C16969,C528
142225,C1823,C3739
142228,C15626,C2651
142237,C9578,C1685
142240,C8958,C1685
142242,C7426,C2038
142272,C1435,C706
142279,C15355,C1707
142287,C4517,C706
142292,C9201,C1707
142320,C14917,C1707
142352,C2626,C706
142367,C1936,C2079
142386,C3380,C25294
142391,C17536,C231
142397,C3021,C231
142410,C3496,C706
142421,C4015,C5030
142435,C4081,C5030
142502,C13218,C5900
142512,C23412,C359
142535,C1423,C706
142590,C2480,C231
142596,C3380,C22841
142605,C14483,C1685
142607,C13243,C1685
142607,C15235,C2109
142620,C5186,C586
142638,C2492,C457
142646,C17553,C1707
142713,C18345,C359
142742,C2321,C706
142768,C9219,C1685
142783,C24595,C1685
142784,C19131,C19131
142794,C9696,C706
142815,C14938,C706
142818,C2492,C457
142819,C1748,C1685
142830,C17365,C957
142835,C11336,C359
142836,C15753,C586
142839,C14445,C1707
142843,C9705,C1707
142855,C17536,C754
142888,C18184,C18184
142924,C1191,C5030
142925,C4858,C706
142969,C19517,C1707
142978,C13675,C706
142982,C2021,C231
142995,C13717,C2174
143005,C17155,C1707
143029,C13287,C706
143054,C1102,C586
143069,C2850,C612
143072,C2459,C1065
143082,C2320,C5136
143133,C14510,C23679
143139,C9578,C1685
143140,C12038,C706
143166,C2626,C706
143178,C2492,C457
143180,C24806,C1685
143186,C13316,C359
143189,C15526,C1707
143198,C17500,C5030
143206,C3380,C22841
143235,C13018,C1707
143238,C2492,C457
143278,C2827,C706
143287,C366,C1685
143310,C2683,C585
143316,C12745,C231
143358,C2492,C457
143383,C15450,C231
143386,C3664,C706
143399,C2320,C467
143406,C2758,C706
143406,C3863,C612
143409,C3451,C586
143412,C12106,C1707
143414,C1167,C1953
143417,C14216,C612
143418,C6937,C585
143454,C2278,C231
143529,C17082,C1685
143530,C17322,C231
143550,C1423,C1707
143584,C13431,C1685
143625,C4550,C5030
143628,C7298,C5364
143631,C14216,C529
143634,C14225,C1707
143635,C3380,C22841
143639,C14216,C1707
143648,C15114,C706
143676,C18304,C1685
143694,C3380,C22841
143714,C4112,C5030
143714,C4412,C1707
143717,C1453,C1685
143719,C10713,C3812
143726,C2077,C706
143729,C15445,C5030
143730,C15678,C5030
143731,C453,C1685
143731,C13661,C1685
143736,C4131,C5030
143737,C1796,C706
143768,C14700,C1685
143809,C12716,C5030
143860,C3534,C706
143867,C17660,C1685
143923,C421,C457
143960,C3664,C231
143961,C194,C1707
143989,C5939,C706
143995,C16204,C5030
144026,C12318,C5030
144026,C13726,C706
144065,C24710,C1707
144079,C6537,C5736
144079,C13218,C359
144100,C14589,C706
144103,C4914,C1707
144110,C409,C5030
144118,C18345,C1707
144131,C3380,C22841
144161,C13218,C359
144195,C366,C1707
144221,C3380,C22841
144238,C366,C706
144261,C13638,C706
144306,C1493,C706
144319,C2492,C457
144364,C709,C467
144366,C5763,C684
144379,C2492,C457
144381,C4291,C1944
144404,C14407,C1685
144405,C17246,C625
144413,C12682,C1685
144418,C2320,C5136
144422,C13960,C529
144423,C2459,C231
144424,C5763,C3909
144430,C17614,C586
144432,C1823,C245
144480,C14488,C529
144501,C14592,C706
144523,C1823,C2448
144533,C11161,C706
144565,C3380,C22841
144606,C12111,C706
144607,C13638,C5030
144611,C12172,C1685
144612,C3163,C1707
144619,C2492,C457
144627,C3380,C22841
144652,C1823,C1732
144658,C1191,C1707
144672,C2428,C467
144681,C15218,C1685
144681,C13960,C706
144715,C17465,C612
144722,C436,C5030
144725,C2428,C1065
144732,C3380,C22841
144734,C2320,C467
144738,C3554,C528
144742,C7298,C112
144743,C3990,C706
144755,C1936,C2079
144758,C4352,C586
144790,C354,C1707
144802,C1823,C25661
144812,C15218,C706
144823,C1823,C2448
144868,C10904,C1685
144901,C2166,C1003
144924,C1823,C1952
144947,C14744,C1707
144955,C15699,C1685
144961,C13183,C743
144981,C3374,C5030
144982,C8388,C743
144986,C992,C5030
144994,C11885,C5030
145012,C15207,C1707
145027,C9535,C754
145032,C1823,C2084
145032,C1823,C2368
145042,C16247,C5030
145061,C3380,C22841
145064,C16247,C231
145067,C14066,C1685
145075,C15644,C706
145081,C1823,C2841
145099,C17219,C1707
145106,C5788,C1685
145115,C1624,C5030
145136,C3554,C528
145165,C15618,C706
145170,C14280,C1685
145184,C15394,C5030
145212,C4508,C1065
145220,C5788,C359
145227,C2760,C706
145230,C14864,C706
145260,C11161,C5030
145266,C5763,C3909
145281,C3380,C22841
145294,C15753,C5030
145303,C2021,C706
145307,C9578,C586
145312,C14186,C1685
145316,C3165,C529
145340,C2769,C1950
145342,C3380,C22841
145370,C6346,C706
145380,C17465,C5030
145389,C13431,C1685
145418,C15180,C1685
145420,C13795,C706
145422,C5811,C706
145427,C15180,C5030
145452,C12147,C706
145454,C6810,C1685
145465,C3496,C1707
145474,C17400,C706
145484,C3664,C5030
145504,C6346,C1707
145539,C12682,C1685
145541,C12393,C706
145599,C5358,C1707
145600,C13669,C586
145602,C902,C1707
145622,C161,C359
145642,C13669,C467
145665,C17345,C1685
145669,C1142,C1707
145719,C14053,C5030
145729,C21792,C11580
145737,C11114,C706
145750,C337,C5030
145752,C15802,C706
145795,C17552,C586
145807,C2492,C457
145815,C15722,C612
145816,C15382,C3664
145820,C2492,C457
145844,C9578,C1707
145845,C992,C1707
145849,C14744,C1707
145872,C1435,C706
145880,C1800,C706
145895,C19,C1707
145900,C17065,C529
145923,C17065,C529
145923,C14917,C1707
145945,C2626,C230
145967,C1936,C2079
145968,C17065,C528
145972,C2573,C1065
145974,C14868,C5030
145990,C17065,C231
145991,C18255,C5900
145995,C8774,C5030
145996,C24057,C24057
146021,C17065,C231
146052,C17065,C231
146052,C3163,C5030
146053,C3380,C22841
146070,C2320,C467
146086,C6810,C706
146102,C13574,C5030
146106,C6503,C625
146150,C2772,C706
146155,C15005,C5030
146181,C12541,C706
146189,C15423,C706
146193,C3235,C706
146202,C15423,C231
146215,C14744,C706
146224,C17082,C5030
146235,C25129,C1883
146255,C3869,C706
146266,C14940,C5030
146269,C5461,C5030
146300,C2492,C457
146321,C15180,C1685
146335,C2475,C1707
146339,C5785,C1685
146340,C6346,C528
146375,C5794,C706
146379,C9219,C1685
146388,C6810,C586
146391,C24710,C5730
146395,C9696,C706
146406,C9426,C706
146408,C6346,C1707
146454,C14477,C706
146454,C14938,C5030
146486,C17365,C1707
146487,C3380,C22841
146488,C15005,C706
146494,C12745,C529
146523,C13911,C2174
146524,C1645,C1707
146524,C16675,C5736
146526,C17552,C1707
146537,C2749,C1707
146560,C2514,C706
146565,C16520,C5932
146568,C2496,C1685
146571,C1191,C5030
146579,C7298,C14258
146580,C2496,C5030
146584,C1357,C1685
146600,C2492,C457
146601,C354,C1707
146617,C14229,C1685
146667,C7298,C5306
146675,C17338,C1685
146720,C1108,C467
146763,C17553,C359
146776,C17553,C5900
146780,C2492,C457
146790,C2303,C231
146798,C19,C1707
146806,C15914,C586
146840,C4233,C1065
146848,C15397,C1065
146868,C3380,C22841
146877,C881,C5030
146892,C15397,C5030
146901,C16520,C585
146927,C14266,C1685
146929,C14121,C706
146930,C3374,C529
146933,C15397,C231
146977,C2668,C706
146992,C14938,C359
147039,C17536,C754
147064,C11004,C5720
147067,C484,C5030
147085,C19,C612
147096,C13988,C706
147142,C13303,C1685
147145,C14657,C5030
147178,C14229,C5030
147187,C4297,C706
147195,C15843,C706
147196,C14984,C706
147215,C14777,C1707
147231,C709,C1707
147260,C13754,C612
147260,C2492,C457
147287,C12613,C231
147288,C24595,C1707
147330,C4297,C231
147332,C1754,C529
147346,C12682,C5721
147365,C12745,C1685
147376,C15604,C231
147440,C23931,C1208
147486,C1357,C1685
147501,C2492,C457
147521,C3380,C22841
147534,C23804,C359
147570,C194,C1707
147580,C18217,C4417
147583,C13907,C706
147588,C5939,C706
147605,C2087,C528
147609,C608,C5030
147621,C2492,C457
147626,C17553,C1685
147636,C2428,C5030
147653,C1823,C3699
147655,C8958,C1685
147661,C3380,C22841
147663,C16711,C1883
147663,C14270,C1883
147663,C23396,C1883
147663,C25133,C1883
147665,C9063,C1883
147665,C12177,C1883
147667,C26717,C1883
147669,C24710,C1707
147669,C24710,C1685
147682,C1823,C1952
147684,C2428,C1065
147689,C14619,C1685
147690,C14527,C706
147701,C4297,C5030
147703,C11768,C1065
147705,C17552,C1065
147723,C10952,C1685
147737,C7954,C1685
147743,C2548,C5030
147744,C13754,C529
147819,C17680,C529
147820,C12135,C5720
147825,C17680,C231
147863,C15913,C359
147864,C17680,C706
147877,C3715,C625
147879,C14907,C1707
147887,C14445,C586
147913,C3380,C22841
147935,C14744,C2174
147935,C2584,C706
147939,C13519,C5720
147939,C13519,C585
147982,C24057,C1707
148005,C7298,C12552
148007,C6346,C625
148011,C6346,C586
148036,C13661,C1685
148038,C17682,C231
148045,C17552,C586
148077,C13519,C5030
148080,C14488,C467
148080,C13754,C529
148099,C3380,C22841
148105,C22226,C1707
148106,C12172,C612
148134,C2683,C706
148142,C6346,C528
148146,C13960,C5030
148156,C8310,C1707
148164,C2480,C10952
148170,C8540,C222
148177,C22479,C22479
148178,C9806,C1685
148181,C11885,C1685
148185,C9219,C1685
148207,C2492,C457
148210,C3380,C22841
148224,C23679,C23942
148249,C10529,C5030
148294,C4643,C586
148303,C2640,C706
148305,C4377,C5030
148319,C22467,C1707
148323,C17412,C2174
148355,C26743,C26743
148401,C2492,C457
148414,C11650,C11498
148420,C14229,C1685
148425,C4367,C22529
148448,C13754,C1685
148470,C13968,C5030
148478,C14804,C1707
148494,C15268,C706
148505,C14053,C1707
148511,C2299,C1685
148517,C4367,C706
148521,C8483,C742
148521,C8483,C1503
148523,C14592,C706
148527,C17553,C1707
148529,C2299,C706
148533,C3380,C22841
148579,C6346,C586
148612,C2827,C5030
148625,C11885,C5030
148634,C2475,C231
148641,C253,C706
148665,C11996,C706
148667,C4753,C1707
148668,C17090,C1707
148693,C16247,C706
148701,C2492,C457
148713,C5154,C1685
148713,C7040,C5782
148719,C3380,C22841
148762,C7040,C5782
148765,C2159,C5030
148767,C7040,C5782
148772,C5635,C1707
148785,C15394,C5030
148803,C4232,C706
148841,C4033,C528
148842,C436,C706
148851,C4033,C706
148852,C12406,C1707
148860,C3496,C5030
148878,C14678,C1707
148881,C2492,C457
148909,C2021,C706
148914,C58,C1065
148967,C16397,C1685
149013,C4618,C5030
149022,C5811,C706
149046,C15180,C5030
149065,C9535,C5030
149077,C2159,C231
149103,C3664,C5030
149133,C5111,C706
149141,C13669,C1685
149180,C2769,C5030
149182,C2492,C457
149190,C9578,C359
149199,C13124,C706
149215,C3380,C22841
149247,C3380,C22841
149260,C13667,C706
149274,C17660,C1707
149367,C15285,C5030
149372,C14253,C1685
149374,C14204,C1707
149401,C3380,C22841
149422,C2492,C457
149449,C3044,C706
149483,C6857,C586
149499,C9201,C1707
149507,C12406,C5720
149509,C9705,C5720
149514,C23640,C1707
149538,C5939,C612
149544,C16828,C3812
149556,C14202,C2109
149557,C13583,C1707
149667,C8483,C742
149706,C1823,C1732
149707,C2492,C457
149714,C1823,C2890
149745,C17500,C1685
149770,C2480,C17001
149776,C1823,C3078
149799,C2749,C5030
149817,C3165,C706
149824,C14186,C1685
149827,C1823,C3188
149829,C15640,C5030
149834,C1823,C3547
149853,C1823,C2805
149876,C1823,C4387
149896,C1823,C3077
149897,C17083,C1685
149905,C5794,C1707
149910,C1823,C3434
149927,C5461,C5030
149936,C16957,C1707
149954,C17338,C359
149954,C1823,C2890
149956,C1823,C1697
149959,C3380,C22841
149963,C64,C1707
149971,C13629,C706
149973,C1823,C1952
149974,C2320,C467
149975,C5794,C706
149982,C19131,C19131
149995,C17552,C706
149996,C9535,C706
150007,C24637,C2091
150027,C1453,C1685
150040,C3380,C22841
150047,C16247,C2174
150055,C1823,C1786
150061,C14122,C5030
150062,C14917,C706
150101,C1823,C779
150101,C2852,C1707
150118,C831,C1707
150134,C1645,C1707
150162,C3380,C22841
150168,C14692,C2174
150193,C15235,C528
150194,C1823,C2084
150195,C15235,C625
150211,C15235,C467
150230,C1823,C540
150246,C1796,C1707
150246,C13937,C5638
150251,C2749,C706
150295,C15001,C1707
150298,C14190,C1685
150306,C14519,C706
150332,C9705,C706
150342,C1645,C5030
150361,C14202,C2109
150382,C14202,C1065
150411,C17043,C706
150418,C14488,C706
150462,C17500,C5030
150470,C16825,C706
150485,C4377,C706
150508,C1823,C3739
150534,C13290,C706
150562,C1823,C25661
150563,C2492,C457
150606,C16520,C743
150618,C4835,C2685
150636,C631,C5030
150641,C3380,C22841
150690,C13303,C706
150703,C3380,C22841
150727,C16490,C231
150760,C14657,C5030
150763,C13898,C2303
150774,C14445,C586
150777,C13539,C586
150778,C16397,C1685
150785,C4581,C5030
150821,C14784,C1685
150828,C14777,C1707
150828,C14445,C467
150837,C2229,C457
150838,C2229,C528
150854,C14225,C1707
150872,C366,C5030
150878,C3204,C5030
150932,C13661,C1685
150984,C14519,C5030
151018,C3440,C231
151021,C831,C1707
151077,C3380,C22841
151088,C13948,C1685
151099,C2320,C5136
151126,C15445,C706
151137,C3380,C22841
151145,C15678,C586
151157,C10951,C706
151161,C10925,C1685
151182,C13190,C12837
151183,C13907,C706
151215,C4165,C5030
151256,C2428,C5030
151257,C10925,C706
151263,C4352,C1685
151263,C24436,C24436
151272,C18345,C359
151274,C13907,C5030
151283,C8310,C706
151287,C16490,C5030
151287,C12318,C5030
151302,C3591,C5030
151414,C13285,C2683
151421,C3380,C22841
151443,C3587,C1065
151444,C3715,C1707
151470,C366,C1707
151510,C3666,C529
151540,C13023,C1707
151548,C13937,C5030
151551,C17500,C1685
151563,C17552,C706
151569,C4618,C231
151571,C2640,C231
151589,C14540,C706
151636,C16242,C1685
151658,C17246,C359
151670,C14678,C5030
151682,C4914,C5030
151692,C18345,C359
151698,C13519,C5030
151700,C17083,C1685
151709,C11161,C1685
151721,C3380,C22841
151742,C7312,C706
151757,C3380,C22841
151758,C3026,C921
151768,C14445,C586
151780,C4559,C5030
151790,C11885,C1685
151813,C15767,C5030
151854,C14445,C1707
151860,C1300,C1707
151883,C2492,C457
151900,C15753,C706
151908,C22976,C1685
151940,C14818,C586
151946,C3990,C706
151952,C2320,C467
151990,C4722,C706
152007,C15007,C1707
152021,C3380,C22841
152035,C6367,C1707
152048,C25022,C1685
152049,C2493,C706
152051,C1796,C1707
152095,C3591,C706
152106,C10116,C1065
152129,C2299,C706
152133,C282,C586
152140,C3030,C706
152144,C14713,C1685
152148,C14870,C706
152152,C15129,C467
152152,C14557,C5030
152174,C14818,C231
152174,C9921,C5030
152196,C2159,C706
152242,C6857,C529
152272,C14266,C1685
152298,C3380,C22841
152304,C2492,C457
152325,C2032,C706
152350,C5763,C17716
152366,C11142,C5030
152398,C14445,C586
152407,C2492,C457
152410,C13717,C706
152420,C3484,C5030
152462,C17500,C625
152483,C2769,C1533
152497,C11996,C1707
152501,C17552,C2174
152534,C12682,C1685
152535,C21561,C21561
152546,C17082,C1685
152551,C17500,C5030
152565,C17682,C1707
152569,C5909,C467
152575,C1423,C1707
152580,C14488,C2109
152588,C5909,C529
152590,C5909,C529
152603,C17500,C5030
152617,C5909,C529
152645,C5909,C529
152653,C17465,C5030
152727,C1506,C1707
152727,C5909,C528
152731,C1453,C1685
152745,C13669,C1685
152751,C5909,C529
152752,C14864,C5030
152770,C5909,C529
152772,C5909,C529
152780,C5909,C529
152797,C2436,C1707
152854,C17400,C706
152879,C5909,C529
152885,C5909,C529
152892,C12654,C467
152908,C3380,C22841
152917,C3534,C2174
152944,C354,C1707
152952,C4513,C706
152978,C26717,C1685
152984,C274,C1685
152998,C6367,C706
153026,C894,C467
153058,C14488,C612
153076,C1515,C5030
153097,C4508,C5030
153103,C2320,C5136
153104,C24637,C1707
153187,C5763,C21245
153202,C1653,C5030
153215,C1506,C1707
153263,C5909,C586
153289,C9696,C528
153289,C9696,C586
153304,C3163,C5030
153308,C17083,C1685
153354,C15626,C5030
153418,C17500,C457
153418,C3165,C706
153433,C14186,C1685
153444,C2492,C457
153480,C14488,C528
153497,C15001,C706
153499,C17500,C612
153503,C17083,C1685
153529,C15556,C1685
153538,C13631,C359
153572,C64,C1707
153609,C9426,C706
153613,C17338,C359
153636,C12016,C1707
153640,C3380,C22841
153643,C17682,C706
153672,C17500,C625
153677,C14122,C5030
153684,C2662,C529
153686,C2871,C1685
153711,C2852,C1707
153711,C768,C1685
153727,C831,C1707
153786,C16653,C706
153795,C3616,C706
153803,C3380,C22841
153803,C2459,C1707
153818,C17500,C467
153824,C2548,C706
153840,C6367,C1707
153849,C3238,C5030
153856,C709,C5030
153857,C2229,C706
153877,C14253,C1685
153878,C26717,C1707
153882,C15187,C5030
153882,C15187,C612
153884,C15187,C529
153884,C15187,C1065
153891,C13316,C706
153909,C2548,C528
153919,C3021,C5030
153925,C2492,C457
153925,C5043,C5030
153939,C992,C706
153940,C15615,C5030
153953,C17500,C706
153955,C15767,C1685
153964,C4081,C231
153969,C3165,C612
153984,C1645,C5030
154047,C17552,C457
154058,C1453,C706
154122,C6857,C706
154129,C1357,C1685
154160,C4232,C5030
154185,C920,C1685
154198,C25133,C1707
154285,C2492,C457
154288,C13431,C706
154313,C3165,C706
154342,C14557,C706
154361,C3380,C22841
154379,C5909,C1707
154380,C14488,C467
154392,C3457,C1707
154396,C14984,C706
154398,C15235,C1261
154413,C13431,C1685
154423,C3380,C22841
154433,C3380,C22841
154435,C17500,C231
154475,C515,C706
154507,C5909,C457
154533,C13661,C1685
154534,C14540,C1707
154555,C3380,C22841
154557,C14856,C706
154602,C15678,C5030
154613,C421,C706
154677,C3380,C22841
154696,C25022,C22235
154721,C15268,C1707
154759,C10951,C706
154833,C20312,C1685
154836,C14592,C1685
154852,C13303,C5736
154856,C15767,C1685
154862,C24436,C24436
154865,C375,C1685
154870,C15160,C706
154877,C24710,C1707
154877,C12654,C625
154885,C2492,C457
154898,C15450,C231
154898,C15394,C1707
154899,C14619,C2109
154907,C11743,C1685
154909,C3715,C5736
154912,C16247,C2174
154913,C1108,C1685
154914,C11768,C529
154916,C15450,C528
154952,C4297,C5030
154967,C4616,C706
154993,C17500,C1685
155022,C1506,C1707
155029,C14907,C1707
155043,C3380,C22841
155061,C13638,C706
155068,C18636,C96
155105,C3380,C22841
155194,C2278,C706
155195,C15207,C5030
155209,C15266,C1685
155237,C14186,C1685
155245,C2492,C457
155255,C13661,C1685
155273,C17412,C1821
155281,C6857,C586
155294,C5774,C706
155309,C3198,C1685
155317,C4914,C5030
155344,C7312,C706
155345,C3906,C1707
155408,C1750,C706
155409,C3380,C22841
155423,C13898,C706
155425,C2492,C457
155448,C15767,C5030
155489,C5893,C2109
155546,C2492,C457
155551,C14700,C5030
155589,C14903,C612
155612,C3869,C5030
155616,C436,C5030
155621,C3380,C22841
155633,C4367,C5030
155693,C17552,C706
155708,C22442,C359
155714,C3380,C22841
155718,C1748,C706
155720,C843,C1707
155722,C58,C706
155726,C2492,C457
155761,C14557,C5030
155772,C13968,C5030
155793,C920,C529
155794,C18184,C16112
155795,C4254,C706
155797,C1823,C2084
155834,C1823,C2136
155844,C5909,C612
155924,C1823,C2890
155945,C1823,C1703
155981,C3380,C22529
155986,C3030,C467
155987,C1936,C5640
156006,C4232,C706
156010,C13717,C706
156013,C3260,C706
156023,C1905,C706
156026,C2492,C457
156026,C14809,C706
156043,C920,C1065
156055,C1506,C706
156108,C11996,C1707
156146,C1936,C1685
156151,C2303,C5030
156152,C122,C706
156153,C17082,C1685
156186,C3204,C1707
156189,C5909,C1707
156206,C16397,C1685
156229,C8914,C706
156233,C4081,C586
156237,C15609,C1685
156242,C2760,C5030
156249,C15180,C1685
156279,C15609,C706
156297,C15644,C1707
156300,C5834,C586
156301,C5834,C528
156302,C5834,C528
156346,C14179,C1707
156376,C5834,C586
156377,C5834,C1707
156406,C2475,C706
156410,C1823,C3739
156418,C768,C1685
156420,C453,C706
156423,C2604,C1685
156436,C14179,C706
156443,C5834,C586
156445,C14993,C706
156446,C3380,C22841
156448,C5834,C528
156486,C5834,C586
156490,C5834,C586
156509,C14425,C1707
156509,C14425,C1685
156515,C5834,C467
156517,C3534,C2174
156522,C14247,C706
156551,C11114,C706
156568,C3380,C22841
156573,C1295,C528
156588,C253,C5030
156602,C5828,C467
156612,C5834,C467
156638,C14296,C706
156648,C5834,C706
156659,C15767,C1685
156686,C2492,C457
156707,C9201,C1685
156733,C13717,C5030
156817,C3496,C706
156844,C17055,C231
156864,C12766,C706
156879,C5332,C5721
156907,C2492,C457
156935,C1142,C1707
156975,C4651,C529
156995,C3380,C22841
157038,C3235,C1707
157048,C14494,C706
157085,C17055,C754
157112,C2320,C5136
157175,C5794,C706
157194,C9715,C1685
157201,C17338,C706
157202,C17009,C1707
157218,C14247,C1685
157236,C5782,C10293
157236,C5782,C18234
157238,C1453,C1685
157254,C14477,C706
157269,C5111,C1685
157274,C1300,C1707
157301,C3030,C1707
157311,C2989,C706
157327,C5828,C1707
157336,C831,C1707
157347,C2492,C457
157398,C12393,C5030
157398,C12427,C706
157403,C2496,C1685
157416,C15007,C1707
157420,C17731,C231
157425,C5763,C8772
157435,C14229,C1685
157436,C1191,C5030
157443,C2496,C706
157453,C25022,C1685
157483,C11315,C706
157513,C12745,C5030
157527,C2492,C457
157539,C992,C706
157552,C831,C1707
157570,C2584,C612
157570,C375,C1685
157584,C23931,C1685
157586,C3380,C22841
157601,C3629,C5030
157602,C22724,C22724
157609,C11455,C706
157626,C14296,C359
157720,C18636,C1685
157720,C14993,C5030
157729,C3444,C612
157773,C17076,C2174
157776,C17076,C231
157797,C920,C1685
157813,C768,C1685
157862,C3198,C1685
157867,C2436,C706
157877,C23724,C1685
157880,C14657,C1685
157893,C631,C5030
157904,C58,C231
157911,C3380,C22841
157918,C3629,C231
157931,C13539,C1707
157936,C14557,C1707
157949,C12682,C1685
157951,C6897,C706
157952,C15753,C1707
157957,C17082,C1685
157961,C1453,C5030
158049,C12707,C529
158056,C709,C1707
158075,C6857,C1685
158113,C14494,C5030
158148,C5279,C1707
158236,C23931,C23931
158256,C5279,C706
158260,C15180,C1685
158277,C3380,C22841
158278,C5909,C529
158281,C15445,C5030
158284,C17660,C1685
158317,C3451,C2174
158336,C5909,C528
158396,C1800,C625
158399,C3380,C22841
158429,C4513,C467
158437,C20312,C1707
158439,C15394,C706
158461,C1936,C1944
158466,C1108,C706
158499,C3235,C5030
158511,C375,C5030
158514,C11768,C2109
158516,C3380,C22841
158517,C11768,C467
158520,C1108,C1685
158555,C4297,C5030
158582,C13583,C1707
158604,C10951,C1685
158615,C17219,C1685
158626,C25022,C22235
158633,C14907,C1707
158659,C14777,C1685
158704,C25133,C1707
158715,C17412,C5030
158740,C2584,C706
158775,C3451,C5030
158848,C2492,C457
158851,C10529,C1707
158861,C3587,C231
158865,C14640,C706
158869,C3715,C529
158906,C5909,C1707
158934,C3587,C5030
159009,C5381,C625
159023,C9219,C1685
159032,C5817,C1707
159100,C15753,C706
159103,C4722,C231
159110,C894,C706
159115,C2320,C5136
159122,C5909,C457
159124,C13960,C706
159136,C3380,C22841
159148,C2492,C457
159162,C1936,C2079
159204,C409,C1685
159212,C5909,C528
159213,C5909,C528
159230,C5817,C5782
159268,C1804,C706
159302,C18184,C18184
159318,C15001,C1707
159326,C657,C231
159336,C10713,C5030
159364,C15767,C1685
159461,C22724,C1685
159465,C11996,C706
159479,C2850,C359
159508,C3380,C22841
159539,C1823,C61
159555,C1823,C1891
159568,C2492,C457
159582,C1191,C231
159583,C3380,C22529
159623,C3629,C706
159625,C3544,C706
159639,C1191,C102
159646,C14014,C1707
159670,C657,C229
159725,C2021,C706
159780,C14488,C612
159802,C3380,C22841
159811,C5909,C1707
159820,C657,C706
159822,C5811,C706
159868,C2492,C457
159894,C5913,C625
159924,C3380,C22841
159928,C1506,C1707
159940,C3381,C706
159950,C12682,C1685
159952,C15615,C1685
159954,C7312,C448
159970,C7863,C231
159988,C2492,C457
159991,C23942,C23679
159999,C27086,C1707
160006,C23716,C5782
160010,C23716,C5782
160010,C5913,C625
160020,C453,C706
160048,C23716,C5782
160070,C23716,C5782
160115,C2827,C1685
160119,C2749,C1685
160144,C3554,C1685
160201,C194,C1707
160214,C4693,C5030
160221,C15001,C1707
160233,C14053,C1707
160236,C515,C5030
160248,C14870,C5030
160252,C3380,C22841
160272,C1435,C706
160273,C992,C1707
160310,C20215,C20215
160314,C3380,C22841
160351,C3380,C22841
160377,C8951,C5782
160395,C3380,C25294
160399,C12414,C359
160409,C2492,C457
160422,C1653,C5030
160439,C5892,C457
160443,C1787,C706
160446,C421,C457
160457,C11917,C1707
160477,C14868,C5030
160522,C4835,C231
160529,C2492,C457
160548,C13023,C1685
160558,C2772,C706
160574,C194,C457
160577,C10430,C706
160589,C5332,C5030
160602,C8768,C5782
160603,C8768,C5782
160607,C4081,C5030
160673,C6537,C5030
160717,C3380,C22841
160723,C15498,C706
160763,C12943,C528
160776,C4077,C231
160795,C9696,C706
160801,C17338,C706
160826,C23412,C1685
160851,C15370,C1707
160860,C806,C1685
160861,C12423,C5030
160912,C3030,C1707
160913,C2989,C706
160925,C25059,C1707
160937,C4651,C231
160980,C21561,C1685
161011,C1357,C1685
161019,C366,C368
161069,C2492,C457
161075,C709,C5030
161084,C1191,C5030
161121,C5892,C1685
161134,C6758,C1685
161138,C14984,C5030
161170,C11315,C1685
161174,C2626,C706
161182,C3380,C22841
161205,C3380,C22841
161209,C11455,C706
161226,C2850,C706
161311,C3380,C2013
161358,C15218,C754
161380,C2893,C706
161402,C12414,C706
161406,C1796,C5030
161407,C2492,C457
161484,C2683,C46
161488,C13431,C706
161520,C3165,C529
161533,C484,C5030
161539,C1357,C529
161544,C14557,C1707
161586,C9535,C231
161621,C3380,C22841
161626,C14866,C706
161665,C315,C5030
161668,C13519,C15001
161707,C2492,C457
161707,C814,C5030
161717,C2021,C2174
161731,C14247,C1685
161735,C13661,C1685
161783,C453,C1685
161804,C3204,C467
161841,C902,C1707
161860,C3534,C706
161874,C4643,C1685
161881,C9696,C529
161916,C13948,C1685
161926,C15445,C706
161941,C15268,C1707
161960,C4651,C5030
161969,C14521,C1707
161980,C13539,C706
162013,C7298,C5306
162034,C14202,C528
162057,C5909,C586
162067,C24113,C1883
162108,C16054,C359
162126,C1108,C1685
162137,C18345,C1685
162152,C7954,C1685
162173,C13303,C5030
162210,C2492,C457
162238,C366,C706
162304,C2459,C706
162343,C2772,C1883
162364,C3380,C22841
162375,C17733,C1685
162384,C4291,C1944
162389,C14619,C5030
162425,C3380,C22841
162433,C13717,C2174
162439,C3380,C1707
162451,C8768,C26517
162460,C10529,C1707
162476,C3468,C529
162483,C7298,C1685
162541,C13898,C467
162546,C5045,C1707
162548,C3380,C22841
162567,C15180,C1685
162604,C1191,C419
162606,C920,C1065
162615,C4233,C1685
162626,C13898,C706
162710,C894,C706
162739,C15767,C5030
162770,C13638,C5030
162784,C4722,C706
162794,C3380,C22841
162811,C409,C1685
162812,C15218,C706
162820,C1243,C467
162844,C14229,C1685
162851,C436,C5030
162859,C25022,C1685
162891,C1420,C706
162895,C18282,C1685
162911,C17246,C706
162913,C3380,C22841
162916,C2893,C1707
162919,C354,C1707
162922,C13631,C1685
162953,C18282,C528
162961,C14049,C706
162965,C4367,C706
162968,C21561,C1685
162990,C13717,C231
163009,C4651,C706
163016,C14700,C467
163029,C1653,C1200
163063,C13583,C5030
163071,C4081,C706
163104,C3380,C22841
163163,C354,C467
163184,C3380,C22529
163207,C2492,C457
163210,C1669,C5030
163215,C3122,C5030
163226,C1905,C706
163238,C12707,C5030
163273,C3468,C457
163282,C4651,C1065
163290,C3496,C5030
163374,C315,C1685
163384,C13303,C1685
163402,C3380,C22841
163405,C3204,C1707
163443,C16397,C1685
163447,C16957,C1685
163449,C3021,C1707
163457,C15609,C1685
163474,C3990,C706
163507,C2159,C1685
163548,C1453,C1685
163551,C17465,C5030
163580,C4835,C2436
163610,C2475,C706
163642,C12177,C1707
163646,C3380,C22841
163666,C13667,C706
163672,C5763,C5517
163675,C2735,C5030
163689,C15303,C706
163710,C4412,C231
163728,C484,C467
163745,C6037,C231
163746,C15268,C1707
163819,C253,C5030
163830,C15001,C1707
163864,C515,C5030
163871,C15767,C1685
163901,C15355,C1685
163903,C13638,C1707
163928,C14678,C706
163929,C1108,C1685
163946,C19,C1707
163972,C3380,C22841
163994,C549,C586
163994,C11455,C586
164019,C13717,C5030
164060,C15266,C5030
164093,C843,C706
164096,C3380,C22841
164109,C12707,C706
164112,C11455,C529
164152,C14014,C1685
164167,C3163,C706
164169,C5186,C706
164196,C366,C1707
164199,C5332,C5030
164218,C14483,C1685
164221,C14122,C706
164226,C3616,C5030
164231,C13243,C1707
164240,C4081,C5030
164248,C14494,C706
164280,C13661,C1685
164291,C5909,C457
164311,C2492,C457
164327,C23412,C359
164378,C17082,C5030
164385,C14445,C706
164385,C4653,C1685
164440,C9219,C1685
164443,C17682,C706
164451,C9715,C231
164452,C3163,C1707
164468,C3380,C22841
164480,C17246,C1707
164561,C3380,C22841
164573,C5358,C706
164598,C11455,C586
164618,C1357,C1685
164630,C12393,C625
164633,C17338,C359
164657,C2749,C706
164660,C25022,C1685
164730,C1645,C1707
164782,C375,C1685
164794,C3451,C231
164815,C3021,C5030
164849,C19,C1707
164921,C3380,C22841
164958,C15218,C754
164971,C2492,C457
165015,C768,C1685
165019,C920,C1685
165022,C11455,C529
165061,C1453,C1685
165064,C5909,C2109
165066,C4232,C5030
165078,C2436,C706
165088,C13431,C706
165121,C3165,C529
165183,C484,C5030
165200,C315,C1685
165211,C2492,C457
165226,C14866,C706
165235,C4513,C1685
165293,C3380,C22841
165306,C24595,C1685
165317,C768,C706
165372,C18217,C1707
165388,C12845,C231
165393,C453,C1685
165418,C2438,C5030
165433,C14700,C1685
165438,C2604,C1685
165450,C902,C1707
165456,C831,C1707
165494,C12347,C1707
165500,C3468,C625
165555,C11315,C528
165564,C4693,C706
165601,C12318,C1685
165613,C4271,C1685
165615,C16067,C1707
165649,C14202,C586
165652,C354,C1707
165688,C24710,C1685
165718,C11768,C1707
165726,C14510,C5030
165726,C4271,C5030
165735,C4165,C5030
165777,C16490,C5030
165781,C16054,C359
165824,C19131,C1685
165861,C1506,C1707
165862,C5782,C23722
165890,C15498,C5030
165914,C4722,C5030
165932,C2492,C457
165949,C9201,C9201
165950,C17412,C2174
165971,C17412,C231
165980,C12406,C1707
166002,C4254,C467
166055,C8133,C625
166080,C3380,C22841
166086,C3451,C5030
166128,C15266,C706
166142,C14343,C1707
166154,C5782,C10293
166195,C16490,C585
166198,C1800,C1685
166216,C282,C1707
166232,C2492,C457
166233,C20731,C5782
166265,C843,C5030
166276,C549,C1685
166279,C12172,C5030
166297,C5909,C625
166345,C15218,C1685
166347,C768,C586
166352,C1905,C231
166370,C17412,C706
166378,C13948,C5030
166385,C5763,C5515
166412,C15218,C706
166449,C14229,C1685
166452,C2760,C1707
166452,C20731,C5782
166460,C337,C1685
166512,C15628,C5030
166537,C1645,C1707
166543,C6992,C612
166567,C4367,C706
166590,C20731,C27027
166604,C159,C359
166608,C5834,C1707
166616,C5834,C467
166616,C5834,C1707
166621,C5834,C467
166622,C5834,C586
166636,C5834,C1707
166636,C5834,C467
166642,C18345,C1707
166642,C5834,C1065
166649,C421,C457
166751,C4165,C706
166779,C8147,C1685
166804,C2626,C743
166808,C12406,C1707
166827,C2760,C706
166828,C1905,C706
166908,C16247,C5030
166931,C7904,C1685
166938,C14247,C754
166973,C12682,C1685
166974,C5834,C586
166998,C14247,C231
166998,C5909,C457
167001,C3380,C22841
167009,C768,C529
167024,C17083,C1685
167029,C1936,C231
167033,C7298,C5030
167033,C1295,C706
167040,C1823,C5333
167062,C12147,C706
167081,C17407,C231
167081,C5909,C467
167086,C4653,C5030
167107,C2492,C457
167139,C3374,C2483
167142,C12393,C706
167179,C14179,C1707
167184,C3380,C22841
167235,C1823,C2084
167255,C902,C1707
167313,C2492,C457
167361,C11114,C706
167435,C1823,C3739
167439,C11346,C231
167469,C2464,C231
167486,C18282,C359
167487,C4291,C1685
167488,C992,C1707
167497,C1823,C2084
167500,C3374,C706
167504,C8958,C706
167521,C549,C706
167523,C375,C706
167531,C23640,C1685
167568,C3380,C22841
167595,C1823,C779
167600,C14229,C706
167618,C17731,C706
167624,C3496,C706
167641,C4508,C5030
167651,C3906,C706
167667,C17023,C706
167687,C4988,C231
167697,C1653,C5030
167762,C2772,C706
167780,C10430,C706
167819,C14483,C1685
167821,C3165,C529
167866,C3869,C706
167868,C3380,C798
167874,C10529,C1707
167919,C3380,C5728
167973,C5037,C5030
167979,C14439,C5030
167985,C14445,C706
168008,C5909,C586
168027,C11346,C1685
168038,C3380,C22841
168068,C17083,C5030
168081,C16397,C359
168096,C5111,C1685
168097,C4693,C1685
168147,C12177,C1685
168153,C2492,C457
168198,C12427,C706
168302,C18184,C18184
168311,C12360,C231
168343,C3380,C22841
168360,C13631,C706
168377,C2626,C706
168389,C4015,C706
168398,C920,C706
168415,C354,C1707
168419,C3021,C5030
168458,C1453,C706
168512,C23412,C359
168541,C13287,C1707
168611,C14993,C5030
168611,C14700,C706
168640,C16070,C612
168648,C3380,C22841
168672,C4291,C706
168687,C421,C457
168703,C4232,C5030
168707,C15767,C1685
168722,C3165,C529
168727,C16070,C625
168807,C18282,C528
168812,C18282,C529
168821,C5909,C2109
168823,C18282,C529
168846,C8371,C231
168853,C13431,C1685
168853,C15266,C1685
168866,C5909,C1707
168913,C19,C1707
168936,C2431,C1707
168968,C2908,C706
168989,C17412,C2174
169005,C453,C1685
169014,C3380,C22841
169021,C421,C706
169025,C12943,C1707
169043,C5638,C5030
169059,C902,C1707
169103,C17536,C2174
169115,C12360,C586
169168,C3534,C529
169174,C2492,C457
169200,C18217,C25879
169200,C20165,C20165
169218,C16067,C1707
169226,C421,C457
169234,C4131,C5030
169240,C14202,C586
169248,C20312,C1685
169258,C3380,C22841
169261,C14521,C1707
169261,C14202,C467
169277,C15160,C706
169288,C14619,C625
169304,C768,C1685
169338,C11768,C625
169348,C436,C1685
169354,C2492,C457
169371,C2387,C2387
169385,C657,C1200
169392,C11768,C1065
169414,C2492,C457
169440,C9345,C586
169481,C768,C529
169507,C2492,C457
169530,C5782,C4377
169551,C4165,C231
169556,C13023,C1685
169558,C2320,C467
169575,C14540,C5030
169586,C12406,C1707
169590,C20731,C27027
169619,C14476,C529
169645,C14619,C5030
169676,C3021,C706
169679,C10529,C1707
169728,C15266,C706
169738,C3380,C22841
169744,C11161,C706
169747,C3380,C22841
169750,C7312,C706
169770,C13960,C1707
169772,C1936,C1944
169801,C4508,C1685
169807,C2492,C457
169822,C18282,C528
169828,C18282,C1065
169833,C15180,C706
169857,C14139,C528
169872,C14678,C5030
169905,C4858,C5030
169921,C1191,C1707
169927,C22976,C1707
169930,C3380,C22841
169937,C6897,C5030
169955,C6758,C5030
169983,C11768,C706
170031,C11142,C5297
170041,C2584,C1707
170051,C3374,C1065
170052,C3374,C1065
170086,C15160,C5030
170116,C15628,C5030
170121,C5855,C1707
170123,C5583,C1685
170136,C5909,C706
170156,C14870,C706
170158,C855,C1707
170164,C15007,C1707
170167,C3869,C5030
170196,C4254,C706
170212,C6758,C1685
170221,C2683,C5030
170227,C2320,C467
170234,C3380,C22841
170241,C11768,C1707
170258,C2604,C5030
170264,C19,C1707
170266,C26652,C1707
170296,C2472,C1200
170307,C15285,C706
170324,C16247,C1707
170345,C7863,C1707
170409,C12406,C1707
170419,C1823,C3140
170423,C14809,C706
170424,C1823,C1006
170427,C3044,C231
170456,C1823,C3699
170488,C1823,C2359
170497,C1823,C2084
170501,C4835,C706
170546,C2159,C5030
170547,C2303,C706
170599,C4559,C529
170607,C1823,C25661
170621,C3380,C22841
170634,C1823,C540
170653,C3198,C1685
170673,C14903,C5030
170689,C15640,C706
170717,C17009,C1685
170730,C3380,C22841
170735,C2492,C457
170760,C1453,C1685
170789,C20731,C27027
170792,C3380,C22841
170806,C15180,C5030
170815,C5909,C586
170833,C17738,C467
170845,C3380,C22841
170864,C902,C1707
170883,C421,C457
170892,C15303,C706
170894,C17738,C1065
170895,C1823,C3331
170903,C17738,C612
170907,C5909,C612
170953,C15802,C706
170979,C16073,C586
170983,C16073,C586
170987,C16073,C586
170992,C7312,C231
171003,C16073,C612
171015,C1102,C2109
171029,C16073,C1707
171033,C16073,C457
171040,C16073,C625
171042,C17738,C2109
171049,C13667,C5030
171087,C1823,C1952
171093,C4291,C1685
171094,C375,C1685
171104,C23931,C1707
171121,C16073,C529
171122,C8958,C1685
171134,C23640,C1707
171135,C12318,C1685
171139,C3380,C23521
171142,C8147,C231
171146,C15767,C1685
171149,C354,C1707
171156,C16073,C625
171158,C16490,C743
171161,C17465,C706
171178,C16073,C529
171207,C1823,C25661
171208,C6857,C528
171226,C3380,C22841
171267,C16073,C1065
171268,C16073,C457
171275,C2492,C457
171302,C12414,C359
171305,C16490,C5721
171324,C9426,C231
171335,C1435,C457
171336,C1435,C2109
171357,C2545,C3561
171357,C2545,C4420
171379,C14917,C5030
171382,C16073,C528
171382,C10430,C706
171389,C5909,C528
171413,C5909,C625
171417,C16073,C1065
171422,C16073,C1065
171439,C13243,C1707
171445,C16073,C586
171451,C15609,C5030
171485,C5827,C1685
171500,C16073,C529
171508,C14856,C5030
171508,C16073,C528
171519,C3380,C25295
171528,C11658,C231
171543,C20731,C27027
171544,C15914,C706
171568,C16073,C467
171570,C159,C612
171575,C5794,C706
171594,C16073,C457
171595,C9696,C706
171617,C16073,C467
171643,C16073,C586
171660,C3380,C22841
171661,C1453,C1685
171665,C3616,C1707
171683,C16073,C625
171684,C16073,C625
171687,C14510,C706
171690,C12147,C231
171710,C484,C1065
171713,C453,C1685
171717,C1754,C1707
171722,C4693,C1685
171733,C16073,C1065
171743,C16073,C467
171744,C3444,C231
171755,C2492,C457
171766,C2077,C1685
171771,C2514,C706
171779,C14856,C359
171800,C17660,C1707
171817,C5909,C529
171865,C11114,C5030
171875,C831,C706
171880,C16073,C529
171896,C14253,C1707
171919,C16073,C467
171939,C16073,C586
171947,C5763,C1045
171956,C831,C1707
171970,C3380,C22841
171975,C16073,C1065
171976,C2871,C1685
171977,C18282,C528
172003,C16073,C586
172045,C806,C528
172056,C16073,C612
172056,C2492,C457
172067,C2852,C5030
172071,C3694,C1707
172143,C12360,C5030
172152,C1645,C1707
172155,C5909,C625
172194,C13290,C1707
172198,C16490,C585
172199,C3629,C5030
172202,C16073,C1065
172204,C3664,C706
172206,C16073,C586
172216,C768,C1685
172232,C14494,C359
172265,C1453,C1685
172272,C4291,C706
172317,C9696,C528
172317,C9696,C586
172320,C1754,C706
172320,C16073,C528
172379,C2038,C1685
172383,C16073,C528
172384,C1936,C2079
172396,C14984,C706
172402,C13661,C1685
172407,C16073,C625
172411,C1243,C706
172416,C768,C5030
172439,C17065,C1707
172441,C16073,C612
172469,C16073,C467
172480,C4165,C1707
172504,C16073,C529
172504,C274,C706
172525,C22442,C359
172536,C2492,C457
172538,C13661,C1685
172553,C14657,C706
172554,C15007,C5030
172564,C16073,C528
172574,C768,C1065
172583,C16073,C528
172584,C16073,C2109
172596,C14984,C625
172649,C12943,C1707
172649,C13316,C359
172685,C5638,C5030
172736,C16073,C625
172741,C14519,C5030
172795,C16073,C528
172796,C16073,C2109
172835,C14202,C625
172855,C16073,C529
172856,C16073,C612
172862,C1299,C612
172882,C16073,C457
172892,C15114,C5030
172897,C194,C1707
172900,C3380,C22841
172926,C14619,C1685
172948,C2989,C529
172949,C15767,C1685
172962,C17552,C1685
172980,C3380,C22841
173003,C5909,C586
173015,C14619,C706
173038,C366,C706
173051,C10951,C1685
173057,C16073,C1065
173057,C17437,C1707
173085,C16073,C457
173102,C16073,C586
173111,C14777,C5030
173117,C16073,C457
173119,C13883,C1003
173144,C2320,C5136
173185,C4131,C529
173216,C5176,C706
173223,C3165,C529
173231,C16073,C2109
173256,C2492,C457
173258,C4616,C231
173262,C16073,C1065
173267,C16073,C612
173272,C14640,C706
173291,C12682,C1685
173316,C5794,C2109
173329,C22442,C1685
173346,C5794,C1707
173352,C7312,C706
173371,C13960,C1707
173376,C16073,C529
173381,C5045,C1707
173399,C3906,C1707
173407,C16073,C612
173422,C17246,C5030
173431,C13898,C706
173462,C16073,C467
173465,C90,C1685
173467,C16073,C625
173472,C16073,C612
173483,C18217,C1685
173497,C806,C1685
173505,C17246,C1707
173517,C11114,C706
173527,C16073,C467
173534,C14804,C706
173554,C13667,C231
173557,C3990,C706
173604,C1936,C2079
173637,C13948,C5030
173644,C16073,C529
173644,C3380,C22841
173672,C16073,C457
173697,C7863,C706
173702,C4377,C5030
173706,C3380,C22841
173728,C16073,C467
173736,C15628,C5030
173745,C421,C457
173758,C16073,C625
173781,C3869,C5030
173786,C16073,C457
173802,C2827,C1065
173804,C337,C1685
173809,C4651,C706
173817,C24806,C1707
173822,C1191,C626
173834,C3380,C22841
173847,C14229,C1685
173850,C16073,C612
173852,C16073,C586
173859,C159,C359
173863,C14025,C706
173878,C10713,C5030
173883,C920,C528
173887,C15644,C706
173892,C3380,C22841
173901,C16073,C529
173937,C3444,C2436
173971,C14122,C231
173979,C15007,C467
173989,C3380,C528
173994,C4998,C706
174003,C8147,C1685
174007,C992,C5030
174008,C2492,C457
174013,C768,C528
174014,C4232,C706
174021,C8147,C706
174032,C3544,C706
174038,C3440,C5030
174056,C15218,C231
174086,C16073,C528
174111,C3714,C706
174117,C6184,C1685
174140,C3380,C22841
174159,C7904,C1685
174165,C16073,C1065
174193,C12682,C1685
174198,C16073,C528
174224,C16073,C528
174226,C58,C1707
174232,C16073,C467
174233,C16073,C1065
174236,C4559,C706
174264,C3380,C22841
174268,C13431,C1685
174269,C5909,C612
174284,C16073,C1065
174289,C15609,C1685
174304,C15268,C359
174314,C18282,C529
174327,C3143,C706
174353,C894,C1685
174364,C14247,C1685
174374,C16073,C612
174379,C1954,C5030
174410,C2760,C5030
174414,C4618,C5030
174439,C16073,C467
174464,C16073,C457
174477,C831,C1707
174491,C16073,C625
174508,C14777,C706
174515,C3906,C231
174527,C3869,C3761
174547,C3554,C586
174547,C16073,C529
174602,C20165,C4679
174604,C5763,C5246
174607,C16073,C457
174610,C12406,C706
174637,C2492,C457
174638,C16073,C625
174650,C11142,C231
174668,C16073,C457
174688,C3380,C22841
174697,C2492,C457
174704,C8958,C706
174707,C337,C1707
174710,C2492,C457
174711,C20215,C20215
174713,C15355,C1707
174718,C768,C1685
174725,C1357,C1685
174728,C12716,C706
174776,C19,C1707
174815,C16073,C529
174825,C7075,C612
174844,C9219,C706
174867,C17023,C706
174871,C6857,C2109
174874,C2749,C1685
174875,C16073,C625
174908,C2492,C457
174931,C16073,C1065
174932,C3380,C22841
174937,C2492,C457
174973,C15266,C5030
174995,C16073,C457
175004,C8559,C706
175020,C16073,C467
175038,C11564,C231
175047,C366,C1707
175054,C3380,C22841
175060,C15626,C5030
175061,C3380,C1707
175078,C5909,C467
175102,C15644,C5030
175109,C16073,C457
175117,C2492,C457
175132,C3380,C22841
175161,C16073,C625
175163,C16073,C612
175172,C6857,C586
175178,C2492,C457
175196,C9535,C706
175208,C2492,C457
175241,C3374,C585
175242,C14483,C706
175243,C282,C1707
175274,C14917,C706
175298,C24689,C1685
175299,C15370,C1707
175309,C17536,C231
175310,C17246,C1707
175340,C16073,C528
175345,C657,C1685
175371,C16073,C2109
175372,C11564,C1707
175372,C5638,C586
175375,C2077,C1685
175415,C2021,C231
175418,C2492,C457
175421,C3380,C22841
175435,C16073,C457
175445,C13337,C1707
175452,C3451,C743
175457,C16073,C612
175481,C11114,C5030
175514,C16073,C528
175515,C16073,C528
175519,C16073,C586
175522,C12393,C5030
175545,C16073,C529
175549,C16073,C586
175553,C10430,C231
175575,C16073,C467
175620,C768,C1685
175639,C16073,C2109
175650,C14229,C1685
175650,C18345,C1685
175666,C18282,C528
175666,C3204,C706
175686,C18282,C528
175720,C16073,C586
175721,C3380,C22841
175733,C17682,C1707
175755,C16073,C529
175764,C1645,C1707
175777,C1645,C5030
175785,C16073,C625
175786,C16073,C467
175806,C16073,C586
175817,C1300,C706
175826,C14777,C1685
175848,C3380,C22841
175869,C16073,C612
175898,C14476,C2109
175922,C5909,C586
175923,C3165,C529
175951,C6897,C706
175991,C12845,C5030
175998,C12682,C1685
176000,C4559,C612
176017,C13303,C1685
176026,C14866,C706
176110,C14657,C5030
176138,C2492,C457
176164,C16073,C612
176166,C16073,C612
176192,C4581,C5030
176197,C24689,C1685
176283,C3049,C231
176294,C1357,C612
176306,C16073,C457
176312,C814,C1065
176318,C2492,C457
176319,C14476,C586
176336,C16073,C457
176348,C15678,C5030
176349,C13316,C359
176368,C16073,C625
176371,C16073,C528
176374,C10713,C706
176378,C2492,C457
176402,C18184,C18184
176462,C14014,C1883
176462,C18345,C1883
176463,C16242,C1883
176463,C16675,C1883
176463,C3607,C1883
176466,C17219,C1883
176466,C1108,C706
176484,C18282,C528
176484,C15733,C1685
176496,C14619,C529
176500,C14476,C706
176504,C992,C1707
176512,C16073,C457
176521,C11768,C625
176547,C274,C1685
176549,C1205,C1685
176559,C11142,C706
176567,C7954,C1707
176572,C2021,C5030
176591,C2021,C528
176597,C16073,C612
176612,C2021,C706
176631,C16073,C612
176641,C3380,C22841
176661,C3715,C586
176668,C18636,C96
176681,C6037,C1707
176701,C1506,C1707
176738,C2492,C457
176739,C4643,C1685
176748,C16073,C586
176752,C16073,C528
176764,C3715,C706
176778,C16073,C528
176783,C4618,C706
176791,C5909,C528
176792,C5909,C612
176793,C16073,C586
176803,C16073,C529
176806,C16073,C612
176809,C16073,C1065
176814,C1142,C706
176885,C3380,C22841
176889,C4550,C612
176911,C1954,C231
176930,C3451,C5030
176946,C12172,C1065
176952,C16073,C467
176978,C16073,C612
176996,C16073,C457
177008,C2492,C457
177011,C2422,C625
177023,C1295,C5030
177040,C16073,C2109
177041,C4254,C5030
177048,C16073,C457
177054,C3380,C22841
177066,C16073,C457
177070,C16073,C467
177081,C3587,C5030
177095,C11315,C231
177106,C17400,C1707
177125,C13960,C706
177129,C3380,C22841
177148,C657,C1685
177153,C2320,C5136
177162,C16073,C467
177188,C16073,C612
177193,C16073,C528
177218,C2021,C231
177240,C159,C706
177278,C16073,C625
177297,C7863,C706
177330,C16073,C625
177334,C19,C5030
177336,C16247,C231
177343,C4377,C5030
177363,C16073,C2109
177389,C16073,C1065
177396,C14818,C706
177397,C3044,C1707
177408,C1142,C1707
177420,C18282,C1685
177424,C6758,C1685
177430,C15001,C1707
177456,C16073,C586
177458,C16073,C1065
177478,C4081,C706
177482,C16073,C2109
177483,C22724,C1707
177483,C16073,C612
177492,C3607,C1685
177535,C14804,C1707
177550,C3380,C22841
177556,C5909,C529
177575,C2320,C467
177581,C2492,C457
177581,C1928,C5030
177596,C2533,C706
177596,C16073,C612
177598,C1936,C5640
177600,C16073,C586
177615,C4232,C706
177620,C1624,C706
177622,C14809,C706
177625,C11114,C231
177627,C2760,C706
177662,C5279,C231
177682,C16073,C528
177688,C16073,C612
177711,C16073,C528
177717,C3496,C5030
177740,C16073,C457
177751,C122,C706
177760,C11142,C5030
177764,C17536,C5030
177771,C16073,C586
177785,C17465,C1707
177802,C16073,C528
177846,C5045,C706
177846,C12347,C706
177866,C16073,C612
177892,C16073,C625
177893,C2769,C1533
177938,C15268,C359
177955,C2798,C706
177956,C12682,C1685
177966,C17552,C706
177974,C14247,C1685
178046,C3380,C22841
178050,C25059,C1685
178087,C12943,C1707
178122,C16073,C529
178122,C17055,C1685
178122,C14247,C706
178144,C10951,C231
178163,C274,C5030
178180,C16073,C457
178184,C16073,C529
178208,C2492,C457
178221,C9535,C231
178242,C16073,C2109
178248,C14204,C1707
178286,C18282,C528
178308,C13667,C5030
178343,C1420,C1685
178350,C274,C1685
178356,C16073,C1065
178362,C16073,C586
178406,C2772,C5030
178423,C16073,C612
178441,C17412,C754
178444,C9219,C706
178449,C16073,C625
178509,C16073,C2109
178547,C194,C5640
178548,C194,C5588
178559,C16490,C743
178575,C5186,C706
178613,C5862,C1707
178620,C13717,C231
178620,C16073,C528
178647,C13243,C1707
178654,C3380,C22841
178668,C3380,C1707
178679,C16073,C467
178705,C12682,C1685
178710,C16073,C2109
178714,C16073,C612
178752,C5332,C5030
178780,C2749,C5030
178802,C15556,C1685
178843,C17682,C706
178853,C13457,C1707
178854,C14477,C706
178887,C14510,C706
178898,C3380,C22841
178915,C6897,C1707
178916,C16073,C528
178935,C15005,C5136
178942,C1191,C1707
178942,C16073,C528
178948,C25059,C1707
178950,C4858,C706
178955,C2159,C743
178958,C1205,C529
178968,C16073,C586
178976,C4412,C706
178988,C831,C1707
179013,C17083,C5588
179025,C2548,C706
179034,C16073,C586
179093,C16073,C586
179095,C16073,C529
179100,C3380,C22841
179122,C16073,C528
179143,C768,C528
179143,C16073,C457
179144,C2760,C231
179150,C16073,C612
179163,C5176,C5030
179176,C16073,C625
179182,C8388,C743
179184,C4291,C1944
179185,C16073,C586
179203,C3380,C22841
179230,C768,C1685
179268,C3405,C706
179271,C16073,C467
179273,C18345,C359
179278,C2827,C706
179299,C16073,C457
179312,C12257,C5030
179346,C13290,C706
179390,C1804,C1707
179397,C12845,C1685
179398,C5186,C1685
179420,C16073,C467
179438,C3163,C612
179438,C3163,C528
179446,C16073,C612
179449,C16073,C529
179479,C16073,C1065
179490,C631,C706
179499,C16073,C612
179503,C16073,C612
179504,C16073,C529
179583,C1936,C2079
179621,C3380,C22841
179645,C4232,C22529
179646,C16073,C612
179650,C16073,C1065
179674,C16073,C586
179680,C16073,C528
179708,C2492,C457
179713,C15160,C1685
179715,C15180,C1685
179717,C768,C706
179728,C5909,C1707
179741,C5909,C2109
179746,C14657,C5030
179778,C14247,C1685
179803,C14247,C625
179809,C14657,C5136
179830,C14818,C231
179835,C14229,C5030
179844,C3380,C22841
179884,C16073,C528
179908,C2278,C1685
179921,C814,C706
179922,C2492,C457
179944,C16073,C586
179975,C16073,C467
179982,C2492,C457
179990,C14519,C22529
179997,C16073,C529
180001,C16073,C1065
180002,C18184,C18184
180004,C15678,C5030
180019,C4550,C5030
180025,C13583,C706
180053,C14917,C359
180062,C26743,C26743
180089,C14619,C586
180094,C16073,C612
180106,C15114,C1707
180110,C2492,C457
180114,C12347,C1707
180115,C11768,C586
180129,C6758,C1685
180132,C768,C1685
180143,C608,C1685
180145,C16073,C1065
180147,C16073,C528
180161,C11142,C706
180161,C11768,C625
180162,C4131,C5030
180191,C19,C1707
180216,C3380,C22841
180220,C14619,C706
180223,C2492,C457
180228,C4131,C22529
180231,C16073,C528
180234,C16073,C612
180235,C13968,C706
180270,C3714,C467
180289,C4914,C1707
180293,C13661,C5030
180299,C16073,C1065
180323,C16073,C528
180325,C16073,C2109
180330,C14907,C625
180359,C4643,C1685
180369,C15556,C5640
180377,C17437,C706
180384,C16073,C467
180392,C8133,C457
180398,C3444,C706
180402,C14540,C706
180411,C15498,C5030
180412,C16073,C529
180416,C14407,C1685
180437,C2021,C706
180464,C15618,C231
180464,C3380,C22841
180501,C16520,C706
180506,C12766,C231
180515,C2668,C4222
180581,C3198,C1685
180602,C9091,C529
180605,C2278,C706
180606,C3380,C22841
180607,C9696,C529
180608,C1750,C706
180610,C17412,C5136
180615,C12172,C457
180617,C15180,C1685
180617,C16073,C586
180619,C3906,C1707
180619,C16073,C2109
180671,C16073,C528
180680,C3451,C22529
180684,C2769,C4025
180697,C9219,C1685
180702,C3587,C5030
180709,C16073,C1065
180730,C16073,C1065
180731,C14445,C1707
180736,C15628,C706
180739,C453,C1685
180740,C16073,C467
180752,C13488,C1685
180761,C3990,C706
180803,C1936,C2079
180820,C16073,C2109
180834,C15303,C467
180864,C1928,C231
180866,C18282,C1065
180867,C18282,C467
180938,C15403,C1685
180945,C16073,C457
180965,C16073,C528
180968,C14700,C5030
180973,C4367,C706
180993,C16073,C529
180995,C453,C5136
180999,C16073,C467
181023,C1928,C706
181035,C6367,C1707
181053,C16073,C457
181095,C3380,C22841
181096,C11004,C706
181103,C4559,C231
181117,C16073,C529
181156,C3380,C22841
181189,C4233,C231
181217,C4232,C706
181222,C14809,C706
181225,C25133,C1707
181227,C2760,C706
181248,C13583,C5030
181262,C16073,C528
181287,C992,C4222
181333,C3380,C22841
181342,C7904,C706
181375,C3049,C706
181407,C16073,C1065
181411,C6537,C5720
181414,C16073,C625
181434,C2303,C5030
181442,C4988,C22529
181447,C5045,C706
181451,C3204,C1707
181457,C1423,C1707
181469,C5909,C529
181487,C13431,C1685
181497,C5862,C5862
181529,C16073,C1065
181534,C1506,C1707
181541,C3484,C5030
181554,C16073,C457
181556,C5154,C706
181559,C4550,C1707
181577,C1453,C1685
181583,C14247,C1685
181583,C3380,C22841
181584,C16073,C625
181614,C16073,C467
181628,C6537,C231
181644,C3380,C22841
181689,C14903,C706
181728,C16073,C457
181753,C15802,C706
181784,C2492,C457
181803,C2769,C1443
181829,C3380,C22841
181857,C14204,C1707
181874,C16073,C2109
181900,C3554,C625
181900,C4517,C706
181936,C16073,C457
181949,C3380,C22841
181953,C14917,C1707
181962,C16073,C1065
181965,C16073,C528
181970,C16073,C1065
181993,C16073,C529
181996,C19,C1707
182024,C2492,C457
182050,C16073,C467
182061,C337,C5030
182078,C16073,C612
182104,C2533,C1685
182104,C2021,C457
182117,C3587,C1685
182134,C1423,C706
182137,C16073,C529
182139,C16073,C625
182145,C1515,C5030
182156,C5909,C359
182201,C3380,C22841
182206,C16073,C625
182207,C3235,C706
182224,C16073,C528
182226,C16073,C586
182245,C2436,C5030
182254,C5909,C457
182261,C1295,C1685
182267,C11996,C231
182268,C2749,C1065
182275,C3380,C798
182304,C15618,C5030
182314,C16073,C529
182329,C282,C706
182342,C16073,C528
182355,C2850,C359
182376,C16073,C2109
182386,C14445,C706
182418,C15268,C5030
182483,C90,C1685
182485,C14247,C1685
182552,C25059,C1685
182553,C4858,C706
182554,C16073,C2109
182576,C16073,C612
182584,C16073,C457
182592,C2077,C1685
182620,C3380,C22841
182624,C2492,C457
182635,C3380,C22841
182637,C2159,C46
182648,C14917,C5030
182665,C16073,C2109
182671,C16073,C625
182679,C25022,C1685
182697,C16073,C1065
182702,C18184,C18184
182759,C3694,C706
182786,C15007,C1707
182790,C5176,C5030
182815,C16073,C1065
182883,C3380,C22841
182905,C16073,C528
182912,C5487,C5721
182926,C354,C1707
182928,C16073,C457
182929,C16073,C586
182936,C17083,C5030
182961,C16073,C625
182978,C2668,C706
182981,C13287,C1707
183007,C12845,C1685
183008,C5186,C1685
183039,C4616,C5030
183050,C768,C1685
183072,C4291,C706
183081,C5909,C2109
183101,C16675,C1685
183117,C5862,C1685
183125,C3165,C706
183126,C16247,C625
183142,C16073,C612
183166,C16247,C528
183175,C1191,C5030
183192,C16073,C529
183205,C1936,C1685
183215,C13287,C528
183217,C12682,C1685
183227,C16073,C2109
183278,C16945,C706
183281,C4513,C1685
183289,C58,C467
183303,C17269,C706
183304,C14866,C231
183304,C16247,C625
183304,C274,C706
183316,C3374,C5590
183335,C17009,C1685
183387,C14247,C1685
183433,C16073,C457
183454,C1191,C1707
183455,C16073,C467
183457,C16073,C625
183462,C3534,C1707
183465,C3374,C1685
183467,C15180,C1685
183492,C4753,C5030
183503,C3380,C22841
183527,C814,C5030
183559,C2087,C1685
183585,C2492,C457
183589,C4618,C467
183621,C4233,C706
183627,C3380,C22841
183632,C16247,C231
183657,C3380,C22841
183659,C14592,C1685
183663,C24436,C24436
183663,C16073,C625
183682,C1300,C529
183690,C16073,C586
183691,C14619,C1065
183705,C2492,C457
183712,C15114,C1707
183718,C3380,C22841
183721,C11768,C467
183728,C15445,C5030
183728,C11768,C586
183739,C14619,C612
183742,C6367,C1707
183746,C15001,C1707
183758,C8958,C1685
183760,C768,C529
183772,C11768,C1065
183807,C16073,C457
183810,C2021,C1707
183811,C16073,C625
183817,C18345,C359
183835,C13968,C706
183839,C16073,C2109
183869,C18636,C96
183885,C2492,C457
183895,C16073,C612
183902,C16073,C1065
183952,C2584,C706
183973,C15556,C706
183994,C5909,C2109
183999,C3380,C22841
184038,C657,C5030
184048,C16073,C586
184049,C16073,C612
184061,C3380,C22841
184076,C3021,C706
184077,C14640,C706
184089,C1947,C1685
184154,C409,C528
184191,C16073,C457
184206,C12172,C529
184219,C15397,C1685
184236,C13898,C706
184245,C2492,C457
184247,C16073,C586
184248,C6857,C1707
184253,C16073,C529
184296,C11885,C1685
184305,C2492,C457
184306,C16073,C528
184313,C8431,C528
184320,C4810,C467
184324,C11114,C706
184341,C14445,C1707
184369,C22467,C1685
184373,C4722,C706
184403,C16073,C457
184403,C1936,C2079
184416,C14244,C15539
184417,C11885,C706
184425,C16073,C1065
184454,C7904,C231
184459,C16073,C625
184464,C3739,C528
184484,C16073,C1065
184508,C2492,C457
184523,C15644,C231
184537,C5909,C706
184545,C16073,C457
184568,C3739,C1685
184575,C4367,C706
184605,C2492,C457
184611,C2472,C231
184619,C3380,C22841
184619,C3044,C1707
184624,C3451,C22529
184634,C16073,C528
184648,C15001,C1707
184660,C18345,C1685
184661,C18345,C1707
184664,C16073,C2109
184665,C11996,C706
184667,C16073,C1065
184672,C14247,C1685
184681,C3380,C22841
184684,C16073,C457
184756,C2001,C1707
184783,C16073,C529
184806,C3260,C1685
184848,C14864,C706
184866,C3444,C2436
184891,C16073,C586
184893,C16073,C1065
184898,C16073,C2109
184925,C16073,C528
184942,C7904,C706
184951,C16073,C1065
184951,C122,C706
184988,C16073,C625
184994,C11885,C5030
185004,C15753,C1707
185010,C16073,C586
185065,C1624,C5030
185067,C16073,C457
185071,C16073,C625
185085,C337,C706
185086,C2492,C457
185094,C3198,C1685
185111,C14903,C5030
185125,C16073,C528
185135,C1506,C1707
185155,C16073,C457
185166,C17552,C706
185182,C3380,C22841
185274,C1300,C5030
185299,C902,C1707
185301,C3380,C22841
185304,C3380,C22841
185322,C3554,C1065
185331,C9535,C5030
185335,C4618,C5030
185337,C17552,C4222
185339,C16073,C2109
185369,C16073,C612
185392,C3204,C612
185405,C20165,C20165
185459,C2517,C706
185469,C1954,C529
185492,C16073,C1707
185501,C4517,C706
185509,C16073,C467
185516,C15114,C1707
185521,C992,C1707
185523,C3534,C1707
185541,C16073,C528
185562,C5909,C529
185568,C1108,C1685
185596,C16073,C528
185599,C16073,C457
185605,C19,C1707
185608,C3380,C22167
185624,C16073,C625
185659,C13583,C1707
185685,C16073,C625
185686,C16073,C467
185688,C15403,C5030
185693,C15802,C1707
185731,C15285,C5030
185737,C436,C1685
185739,C8914,C1685
185749,C13717,C1707
185771,C16073,C1065
185774,C16073,C467
185777,C16073,C625
185797,C3380,C22841
185840,C16073,C625
185860,C16073,C529
185872,C8914,C5030
185914,C3380,C22841
185920,C16073,C457
185942,C2321,C706
185949,C2493,C231
185968,C14868,C5030
185968,C16957,C1707
185985,C16073,C1065
186006,C16073,C528
186008,C2492,C457
186024,C23804,C359
186032,C15180,C1685
186039,C16073,C467
186043,C5332,C5030
186051,C881,C231
186051,C6857,C1707
186094,C14247,C1685
186127,C15370,C1707
186131,C16073,C529
186133,C806,C1685
186158,C16073,C612
186159,C13290,C231
186161,C16073,C529
186177,C9715,C706
186189,C16073,C586
186210,C16073,C2109
186211,C16073,C586
186242,C16073,C625
186250,C7312,C448
186257,C2496,C706
186275,C16073,C612
186293,C3380,C22841
186318,C4131,C706
186334,C16073,C625
186352,C15268,C5030
186354,C1804,C5030
186360,C3694,C706
186386,C16073,C2109
186393,C22724,C22724
186402,C3380,C22841
186444,C16073,C625
186446,C13631,C1685
186449,C6367,C1707
186451,C16073,C457
186459,C18282,C1685
186486,C4377,C706
186497,C15005,C5030
186509,C12406,C5030
186526,C2492,C457
186567,C16073,C586
186570,C16073,C457
186586,C2492,C457
186601,C16073,C529
186617,C1300,C706
186646,C3380,C22841
186650,C16073,C586
186672,C4291,C706
186691,C13303,C706
186705,C16675,C1685
186712,C16073,C1065
186716,C15767,C1685
186726,C3165,C706
186751,C6897,C706
186753,C15397,C706
186790,C15767,C706
186796,C16073,C2109
186800,C16073,C612
186807,C16073,C529
186842,C5909,C1065
186851,C5461,C231
186859,C16073,C612
186863,C4033,C231
186867,C15640,C231
186904,C1191,C419
186904,C274,C706
186906,C15397,C5030
186918,C16073,C528
186929,C2320,C467
186947,C2492,C457
186968,C5909,C1707
186970,C14225,C1685
186979,C2087,C5030
187025,C27086,C1685
187062,C1191,C1707
187066,C16073,C529
187067,C16073,C528
187067,C3534,C1707
187089,C16073,C457
187090,C16073,C2109
187097,C16073,C529
187120,C16073,C612
187154,C16073,C612
187210,C16073,C586
187243,C16073,C625
187246,C1453,C528
187260,C608,C706
187290,C14619,C1065
187296,C15733,C1707
187303,C16073,C467
187309,C24710,C1685
187326,C4550,C5030
187370,C4112,C5030
187376,C4112,C5136
187379,C3380,C22841
187416,C16073,C1065
187421,C3380,C22841
187427,C2492,C457
187463,C3484,C529
187475,C5176,C1065
187475,C5176,C625
187476,C5176,C612
187479,C7918,C1065
187492,C10951,C1685
187504,C16073,C625
187531,C4165,C5030
187533,C3380,C22841
187535,C1599,C529
187548,C1936,C529
187575,C14510,C5030
187614,C375,C5030
187623,C5862,C1707
187626,C3165,C706
187664,C3451,C1685
187667,C2492,C457
187673,C17437,C5030
187704,C16247,C231
187706,C4297,C5030
187712,C16073,C467
187727,C18282,C528
187729,C18282,C528
187731,C18282,C1065
187738,C16073,C612
187743,C16073,C457
187763,C16073,C528
187768,C16073,C457
187828,C16073,C529
187855,C16073,C586
187873,C5909,C1707
187882,C16073,C529
187903,C1936,C231
187910,C17400,C1707
187910,C16073,C2109
187921,C2640,C706
187935,C14804,C706
187944,C16073,C612
187945,C22976,C1685
187957,C1300,C1707
187961,C25059,C1707
187968,C16073,C625
187969,C3534,C1707
187972,C3554,C457
187979,C17412,C706
187994,C5578,C1707
188001,C16073,C467
188027,C2492,C457
188037,C843,C5136
188098,C14066,C706
188134,C1748,C706
188147,C2492,C457
188154,C16073,C457
188168,C4291,C231
188174,C5176,C231
188220,C1796,C1707
188236,C16073,C528
188238,C16073,C528
188254,C6367,C1707
188264,C16073,C612
188269,C18282,C1685
188273,C3629,C5030
188299,C16073,C625
188307,C1102,C586
188321,C16073,C2109
188330,C16073,C529
188337,C1599,C231
188347,C366,C5030
188348,C366,C625
188401,C3380,C22841
188410,C16073,C457
188410,C4291,C2079
188414,C16073,C457
188420,C3260,C1685
188438,C16073,C529
188475,C14777,C1685
188475,C16073,C457
188479,C1357,C467
188498,C9696,C1685
188518,C1102,C586
188533,C24057,C1685
188591,C16073,C612
188599,C3380,C22841
188618,C17082,C1685
188622,C14646,C1707
188624,C421,C457
188628,C2492,C457
188637,C3131,C5030
188645,C8914,C706
188647,C366,C231
188650,C5045,C706
188666,C3374,C5721
188676,C16073,C467
188677,C1423,C1707
188679,C16073,C1065
188725,C15403,C706
188729,C14940,C706
188733,C5111,C706
188735,C17009,C1685
188755,C2798,C706
188760,C3457,C5030
188769,C16073,C467
188787,C3374,C585
188814,C436,C5030
188818,C16073,C1065
188852,C16073,C2109
188862,C453,C1685
188864,C13285,C2683
188865,C657,C1685
188878,C16073,C1065
188897,C3380,C22841
188904,C3380,C22841
188930,C3629,C231
188931,C2436,C1707
188944,C16073,C467
188956,C4513,C706
188961,C13337,C1707
189002,C18184,C18184
189024,C16073,C529
189060,C14809,C5030
189108,C2492,C457
189108,C16073,C2109
189117,C16073,C612
189124,C14521,C1707
189145,C1142,C1707
189166,C25022,C5698
189166,C12318,C1685
189175,C2827,C1685
189180,C16073,C529
189199,C16073,C586
189206,C16073,C467
189217,C4517,C231
189219,C5461,C706
189220,C3554,C528
189232,C16073,C612
189249,C13898,C231
189249,C18636,C1707
189255,C1506,C5030
189269,C3380,C22841
189270,C3380,C22841
189288,C2492,C457
189337,C3587,C1685
189352,C16073,C625
189361,C2604,C231
189374,C2772,C706
189393,C3380,C22841
189411,C16073,C625
189463,C16073,C586
189477,C3869,C706
189498,C17023,C5030
189501,C16073,C1065
189530,C16073,C625
189544,C15914,C706
189551,C16073,C612
189561,C16073,C529
189574,C6857,C529
189590,C14868,C5030
189601,C1191,C456
189616,C16073,C528
189639,C16073,C612
189641,C3380,C22841
189644,C5332,C5030
189677,C12016,C1707
189703,C14247,C1685
189742,C18282,C359
189746,C1754,C1707
189760,C3451,C2174
189809,C2077,C1685
189811,C3616,C706
189820,C17660,C1707
189827,C3380,C22841
189829,C13287,C706
189838,C11142,C5297
189851,C16073,C467
189876,C16073,C529
189878,C16073,C1065
189880,C3380,C22841
189881,C2475,C5030
189888,C2492,C457
189940,C992,C706
189951,C3380,C22841
189955,C14270,C1685
189957,C16073,C457
189992,C16073,C625
189998,C6758,C706
190004,C1936,C2079
190026,C15403,C231
190033,C2827,C743
190069,C3028,C2472
190082,C16073,C625
190141,C16073,C457
190142,C16073,C625
190143,C16073,C2109
190151,C13290,C706
190153,C14907,C706
190158,C15397,C467
190159,C3021,C5030
190178,C354,C1707
190194,C17083,C5030
190202,C2852,C5030
190221,C1804,C1707
190240,C14984,C5030
190246,C3380,C22841
190248,C8147,C5030
190250,C2626,C706
190261,C3380,C22841
190269,C768,C1685
190287,C16073,C467
190304,C14657,C1685
190330,C3238,C1707
190333,C5332,C585
190365,C2496,C1685
190379,C16080,C16080
190396,C14984,C706
190429,C2492,C457
190436,C16073,C625
190449,C13661,C1685
190455,C17065,C1707
190460,C14903,C1685
190476,C3990,C5030
190489,C16073,C625
190501,C16945,C22529
190501,C4291,C1944
190505,C17269,C706
190510,C3457,C1707
190511,C3198,C5030
190581,C409,C706
190582,C16073,C528
190610,C16073,C467
190617,C1435,C1685
190619,C16073,C1065
190641,C16073,C2109
190669,C2492,C457
190672,C16073,C1065
190693,C13539,C5030
190696,C16073,C528
190702,C5337,C706
190705,C22786,C22786
190726,C15445,C706
190729,C2492,C457
190761,C14229,C5030
190774,C10713,C706
190777,C10951,C706
190812,C16073,C529
190819,C4581,C5030
190862,C24436,C24436
190874,C16073,C528
190900,C15733,C1685
190913,C16073,C1707
190915,C2438,C5030
190923,C20101,C20101
190930,C14521,C1707
190938,C2320,C467
190943,C3380,C22841
190955,C1357,C1685
190965,C16073,C586
190966,C11142,C706
190987,C16073,C2109
190996,C16073,C625
191047,C16073,C586
191108,C16073,C612
191115,C2021,C5030
191121,C4081,C1707
191125,C4352,C1685
191133,C17023,C231
191148,C4165,C5030
191164,C16073,C1065
191170,C5176,C5030
191184,C2320,C5136
191211,C16675,C1707
191221,C12406,C1707
191226,C16073,C612
191227,C3165,C706
191251,C608,C5030
191253,C16073,C625
191269,C2492,C457
191291,C3444,C2436
191293,C8133,C1707
191296,C8133,C612
191310,C16073,C528
191314,C16073,C1065
191329,C15266,C706
191340,C16839,C625
191342,C8133,C457
191344,C16073,C529
191345,C15498,C5030
191348,C4953,C1707
191348,C4953,C612
191412,C3198,C1685
191424,C18282,C706
191431,C5045,C1707
191438,C14592,C231
191457,C16073,C467
191461,C6857,C1707
191471,C16073,C625
191509,C2492,C457
191510,C1624,C457
191510,C2989,C5030
191545,C16073,C467
191556,C26743,C26743
191559,C14445,C1707
191582,C16073,C457
191595,C4377,C231
191632,C16073,C586
191648,C3163,C231
191721,C1653,C231
191766,C14870,C706
191781,C8388,C743
191782,C16073,C2109
191788,C19,C5136
191809,C16073,C612
191812,C2303,C5973
191840,C16073,C612
191853,C1142,C1707
191873,C3380,C22841
191903,C16073,C625
191903,C11004,C706
191954,C3380,C22841
191962,C16073,C625
191989,C16073,C457
191995,C2735,C706
192001,C159,C359
192004,C15450,C231
192011,C13717,C706
192018,C16073,C528
192038,C1905,C706
192060,C1205,C706
192073,C16073,C528
192087,C2303,C18810
192093,C15615,C706
192101,C16073,C467
192108,C16073,C586
192110,C2492,C457
192112,C16675,C1685
192119,C1928,C1707
192126,C16247,C2109
192126,C14066,C1685
192127,C3165,C529
192145,C3451,C5030
192167,C16073,C528
192190,C2827,C5030
192198,C3380,C22841
192201,C15445,C1015
192223,C16073,C625
192257,C4643,C585
192275,C2320,C467
192277,C16073,C1065
192281,C3122,C22529
192289,C3122,C5136
192289,C3122,C22529
192307,C3380,C22841
192342,C709,C1707
192389,C13457,C1707
192399,C894,C1685
192402,C15644,C1707
192428,C16073,C586
192445,C14993,C706
192476,C3534,C1707
192512,C16073,C457
192516,C902,C1707
192533,C17055,C1685
192569,C12943,C1707
192590,C2492,C457
192630,C16073,C467
192634,C16073,C586
192664,C16073,C467
192667,C16073,C529
192686,C3380,C22841
192719,C16073,C612
192720,C16073,C1707
192748,C16073,C529
192759,C1357,C1685
192769,C16811,C706
192776,C16073,C625
192778,C16073,C529
192780,C1108,C1685
192781,C16073,C467
192844,C9219,C706
192867,C16073,C625
192897,C16073,C528
192919,C4254,C743
192927,C16073,C1065
192928,C16073,C528
192933,C2533,C1685
192950,C13534,C1707
192951,C15303,C1685
192957,C16073,C612
192980,C5186,C706
192984,C16073,C625
193013,C9696,C1685
193015,C17412,C2174
193044,C15160,C231
193063,C13243,C1707
193103,C16073,C2109
193117,C3380,C1707
193130,C16073,C467
193156,C13661,C1685
193158,C16073,C467
193189,C2320,C5136
193193,C16073,C1065
193195,C4722,C1707
193211,C17536,C5030
193222,C16073,C529
193227,C657,C229
193244,C16073,C457
193252,C16073,C457
193264,C10430,C1707
193296,C881,C1707
193299,C3380,C22841
193302,C16073,C586
193304,C16073,C1065
193308,C9715,C1685
193339,C16073,C612
193341,C9219,C1685
193352,C6897,C1707
193360,C17246,C1707
193371,C2492,C457
193376,C4412,C706
193377,C3534,C1707
193388,C4693,C1685
193417,C2077,C1685
193431,C2492,C457
193480,C421,C457
193485,C3380,C22841
193513,C16073,C625
193565,C3165,C231
193603,C8559,C5030
193624,C16073,C1707
193629,C375,C1685
193640,C3026,C449
193657,C3198,C706
193659,C1142,C1707
193663,C421,C231
193670,C18345,C1707
193674,C3405,C706
193683,C15767,C1685
193719,C16073,C1065
193727,C709,C5030
193742,C16073,C586
193747,C16073,C529
193755,C12257,C5030
193771,C768,C586
193781,C2893,C706
193790,C16896,C706
193801,C354,C1707
193802,C16073,C528
193810,C13287,C1707
193818,C15615,C5030
193860,C2422,C1707
193867,C16073,C457
193872,C631,C1685
193875,C1453,C1685
193892,C7904,C1875
193909,C920,C1685
193917,C1645,C5030
193927,C3374,C16589
193948,C16073,C467
193951,C6897,C706
193960,C13539,C1707
193968,C3380,C22841
193996,C14984,C706
194013,C17269,C231
194035,C16073,C612
194038,C16073,C625
194046,C515,C625
194046,C12682,C1685
194101,C15266,C1685
194103,C274,C706
194127,C2480,C1707
194199,C15285,C231
194210,C16073,C586
194213,C22786,C1685
194272,C16073,C1065
194273,C3380,C22841
194278,C3534,C1707
194303,C16073,C625
194304,C2604,C467
194308,C16073,C457
194341,C4291,C528
194357,C16073,C1065
194358,C2769,C2162
194377,C881,C1065
194388,C631,C231
194393,C16073,C612
194415,C3380,C22841
194420,C14229,C5030
194435,C20165,C1685
194459,C5763,C9884
194460,C14270,C1685
194489,C15160,C706
194502,C15001,C5030
194503,C366,C368
194510,C2492,C457
194517,C24710,C1685
194557,C2331,C586
194588,C8958,C1685
194594,C18282,C1685
194595,C16073,C529
194622,C2331,C625
194623,C6992,C612
194658,C16073,C467
194697,C1748,C1707
194699,C3715,C457
194709,C16073,C2109
194735,C4352,C1685
194744,C16073,C457
194774,C16073,C2109
194826,C15450,C706
194843,C2021,C706
194850,C4291,C706
194856,C16073,C528
194883,C3451,C1685
194893,C16073,C625
194932,C2492,C457
194973,C3380,C22841
194977,C16957,C1685
194984,C16073,C529
195003,C16073,C529
195011,C16073,C457
195024,C18282,C706
195049,C2548,C5030
195088,C18184,C706
195098,C1453,C1685
195100,C282,C1707
195111,C22786,C1685
195120,C4232,C5030
195124,C2640,C706
195160,C16073,C1065
195167,C4722,C706
195174,C657,C1707
195208,C16073,C2109
195232,C2668,C5030
195245,C16073,C2109
195255,C15218,C1685
195276,C6857,C2109
195292,C2492,C457
195324,C58,C706
195326,C16073,C612
195330,C2299,C706
195337,C4581,C706
195352,C6897,C5030
195357,C16073,C1065
195362,C14049,C706
195363,C16073,C457
195364,C16073,C528
195379,C13519,C5030
195389,C16073,C586
195446,C16073,C528
195464,C1357,C1685
195471,C13631,C1685
195472,C2492,C457
195495,C2229,C2109
195505,C1300,C457
195506,C11004,C706
195612,C354,C1707
195622,C12406,C1707
195626,C16073,C612
195627,C657,C229
195674,C421,C457
195676,C2604,C5030
195682,C4216,C706
195682,C16073,C612
195735,C16073,C529
195752,C4651,C586
195765,C16073,C1065
195772,C2492,C457
195792,C17465,C1707
195815,C13519,C706
195820,C657,C706
195826,C16073,C457
195832,C2492,C457
195846,C4559,C706
195849,C3440,C5030
195850,C17407,C1707
195861,C16073,C2109
195870,C17083,C1685
195915,C16073,C528
195942,C12393,C706
195942,C3381,C706
195955,C2798,C706
195956,C5154,C706
195961,C3587,C706
195971,C16073,C529
195992,C17407,C706
195999,C13457,C1707
196001,C16073,C1065
196024,C14247,C1685
196031,C16073,C528
196109,C15268,C359
196117,C16073,C612
196121,C16073,C467
196122,C16073,C625
196125,C16073,C467
196155,C1300,C5030
196165,C15180,C5030
196209,C13337,C13337
196272,C1435,C706
196304,C1800,C706
196333,C375,C1685
196340,C992,C1707
196345,C24806,C1685
196347,C3380,C22841
196357,C194,C1707
196366,C274,C5030
196372,C2492,C457
196373,C17465,C706
196374,C6367,C1707
196384,C16073,C1065
196386,C13898,C5030
196387,C1108,C1685
196393,C2827,C1685
196394,C8958,C1685
196413,C3380,C25294
196422,C5461,C706
196427,C17552,C1685
196439,C3496,C706
196440,C17407,C5030
196446,C16073,C612
196501,C16073,C467
196523,C12707,C706
196533,C16073,C457
196546,C253,C5136
196550,C1142,C1707
196555,C16073,C457
196596,C16073,C612
196599,C1748,C5030
196618,C16675,C1685
196628,C3165,C529
196632,C18345,C359
196632,C15007,C706
196645,C16073,C2109
196650,C16073,C625
196651,C16073,C1065
196658,C15626,C231
196667,C436,C1685
196673,C16073,C625
196677,C16073,C467
196702,C16242,C1685
196709,C16073,C625
196731,C16073,C529
196743,C2321,C706
196778,C14343,C1685
196784,C15001,C231
196821,C1653,C5030
196835,C3380,C22841
196837,C14439,C5030
196874,C10430,C1707
196878,C16073,C529
196887,C14510,C706
196891,C16073,C457
196901,C16073,C612
196911,C894,C1685
196929,C3163,C1707
196932,C2989,C706
196954,C22976,C1685
196963,C3694,C231
196972,C16073,C467
196974,C14445,C1707
196975,C16073,C612
196982,C18345,C359
196999,C4693,C1685
197032,C3030,C1707
197058,C14425,C1685
197068,C4015,C5030
197084,C16073,C457
197116,C5879,C1685
197143,C3380,C22841
197145,C16073,C528
197166,C16073,C457
197201,C5879,C1065
197217,C18282,C528
197232,C3451,C231
197253,C2769,C6167
197285,C14229,C1685
197325,C16073,C528
197327,C16073,C706
197329,C3380,C22841
197329,C3380,C2013
197333,C2492,C457
197344,C17682,C1707
197348,C15303,C231
197353,C16073,C1065
197395,C3554,C1685
197397,C3554,C467
197406,C4352,C528
197412,C16073,C612
197429,C354,C706
197434,C16073,C457
197442,C16073,C586
197452,C5879,C457
197456,C5879,C457
197467,C16073,C586
197474,C1506,C1707
197478,C14483,C1685
197498,C11004,C5721
197510,C14657,C1685
197522,C2496,C231
197531,C16073,C457
197533,C5879,C528
197557,C2436,C231
197584,C366,C1707
197586,C16073,C528
197613,C16073,C529
197701,C1423,C1707
197703,C14521,C5030
197707,C16073,C529
197708,C2492,C457
197733,C16073,C529
197755,C709,C1707
197758,C16073,C529
197759,C5879,C706
197786,C3021,C612
197786,C5879,C1065
197813,C894,C1685
197819,C16073,C529
197820,C16073,C612
197831,C5111,C231
197837,C5778,C1685
197839,C16073,C586
197845,C16073,C612
197847,C3869,C1685
197848,C16073,C2109
197851,C631,C5030
197874,C16073,C529
197884,C3534,C1707
197887,C3380,C22841
197903,C16073,C625
197911,C5778,C1707
197926,C5778,C706
197957,C2464,C5030
197971,C13337,C1685
197980,C10951,C706
197995,C16073,C586
198002,C1191,C419
198003,C5879,C528
198022,C14700,C1685
198034,C14202,C2109
198055,C14202,C528
198057,C16073,C1065
198066,C1108,C706
198083,C920,C1065
198116,C3380,C22841
198121,C5778,C625
198141,C16073,C1707
198144,C992,C1707
198154,C12347,C1707
198162,C13519,C625
198170,C11142,C706
198176,C5778,C706
198177,C16073,C2109
198191,C5778,C706
198223,C2021,C1707
198227,C16073,C612
198234,C2492,C457
198237,C16073,C612
198240,C3715,C528
198259,C16073,C528
198261,C13911,C231
198266,C7918,C1707
198284,C16073,C2109
198308,C2492,C457
198314,C16073,C529
198316,C16073,C625
198321,C5778,C2109
198322,C16073,C528
198331,C9627,C5030
198335,C5778,C706
198339,C5778,C706
198373,C15556,C706
198386,C17412,C231
198388,C8133,C1707
198390,C5778,C1065
198392,C5778,C1065
198402,C2278,C706
198407,C16073,C612
198413,C5778,C467
198419,C3204,C5030
198432,C12406,C1707
198466,C16073,C2109
198471,C5778,C457
198477,C3021,C706
198482,C3380,C22841
198490,C436,C1685
198492,C16073,C586
198493,C16073,C528
198515,C15806,C1707
198519,C12172,C467
198520,C13303,C5030
198520,C12172,C2109
198532,C23040,C5782
198540,C23040,C5782
198574,C17083,C1685
198579,C16073,C2109
198586,C16073,C625
198598,C16490,C5030
198628,C7298,C1685
198629,C17246,C359
198636,C16073,C1065
198642,C16073,C529
198650,C15397,C1685
198654,C5778,C625
198672,C16073,C528
198673,C5778,C457
198681,C5778,C457
198688,C5778,C457
198702,C3405,C1685
198703,C5778,C625
198724,C16073,C2109
198726,C3380,C22841
198765,C6897,C1707
198785,C1300,C1707
198785,C2769,C625
198785,C5774,C625
198804,C5778,C529
198804,C5778,C528
198806,C5778,C528
198812,C14818,C1685
198814,C5778,C2109
198817,C16073,C1065
198819,C16073,C625
198828,C17660,C1685
198835,C13431,C5030
198840,C159,C706
198855,C5879,C706
198879,C3380,C22841
198897,C7863,C706
198903,C16073,C625
198930,C16073,C2109
198940,C8431,C612
198965,C14270,C1707
198988,C16073,C467
198993,C421,C457
199010,C4651,C706
199023,C2159,C706
199053,C16073,C586
199063,C14025,C706
199081,C15767,C5030
199083,C16073,C529
199088,C14229,C1685
199094,C26652,C1685
199107,C2299,C1685
199110,C17407,C231
199113,C6992,C612
199134,C2492,C457
199161,C14700,C5030
199171,C16079,C1685
199177,C14804,C1707
199194,C16073,C612
199199,C3380,C5588
199200,C16073,C528
199201,C4914,C5030
199211,C64,C5030
199219,C5635,C1707
199222,C7312,C1707
199222,C7863,C1707
199224,C16073,C529
199231,C16073,C457
199254,C1506,C706
199261,C768,C529
199283,C16073,C457
199285,C16073,C528
199293,C16073,C586
199302,C5948,C467
199313,C3380,C22841
199318,C16073,C528
199321,C5879,C586
199332,C3122,C706
199413,C5948,C231
199432,C2827,C5030
199433,C1295,C706
199434,C16073,C467
199437,C3380,C22841
199460,C16073,C612
199481,C58,C1707
199481,C16957,C1685
199485,C1506,C467
199490,C894,C529
199501,C4291,C1944
199506,C1423,C1707
199527,C6336,C529
199539,C1506,C1707
199542,C3381,C706
199546,C16073,C2109
199605,C1453,C1685
199608,C4550,C1707
199633,C16073,C528
199634,C5763,C1840
199638,C16073,C612
199671,C16073,C529
199673,C16073,C612
199681,C12177,C1685
199693,C453,C1685
199703,C3380,C22841
199704,C15303,C706
199716,C5778,C612
199722,C14247,C706
199723,C16073,C625
199727,C16073,C1065
199734,C2492,C457
199787,C3381,C5030
199805,C20165,C2021
199808,C16073,C625
199816,C5778,C1707
199818,C16073,C529
199838,C16073,C612
199845,C16073,C612
199859,C2159,C15644
199872,C16073,C457
199886,C3380,C22841
199938,C12716,C706
199941,C15114,C1707
199947,C992,C1707
199960,C5948,C1065
199977,C1142,C1707
199985,C15678,C1707
199985,C16073,C612
199988,C16073,C457
199993,C15767,C1685
200002,C2827,C1685
200008,C4508,C706
200018,C16073,C528
200031,C16055,C1685
200038,C15450,C2174
200057,C3380,C22841
200058,C3457,C467
200069,C5778,C1065
200072,C16073,C625
200073,C5778,C467
200073,C5778,C1065
200123,C5778,C586
200131,C15802,C1707
200134,C5778,C625
200138,C16073,C586
200151,C1142,C1707
200158,C5778,C1685
200160,C16073,C528
200167,C16073,C612
200167,C3587,C1685
200201,C6037,C3058
200222,C16073,C528
200229,C3165,C529
200229,C3165,C706
200244,C15285,C5030
200290,C4643,C231
200307,C1947,C231
200314,C1295,C1685
200326,C5778,C2109
200335,C2492,C457
200338,C16073,C612
200343,C17682,C1707
200365,C16073,C467
200366,C16073,C625
200370,C16073,C467
200387,C6758,C1685
200403,C16073,C528
200432,C16073,C625
200454,C17023,C5030
200454,C1653,C5030
200472,C3484,C1707
200477,C5778,C467
200480,C3026,C61
200483,C16073,C2109
200520,C894,C1685
200524,C3869,C231
200531,C5778,C457
200534,C5778,C1065
200565,C4858,C706
200592,C1191,C1707
200633,C16073,C528
200634,C17055,C5030
200673,C2749,C706
200711,C13316,C706
200719,C4131,C706
200740,C992,C706
200744,C16073,C586
200749,C16073,C528
200760,C13631,C706
200777,C14917,C5030
200784,C17082,C706
200801,C15640,C5030
200813,C16073,C467
200814,C16073,C612
200844,C16073,C612
200858,C1453,C706
200873,C1357,C1685
200883,C2769,C6167
200889,C15001,C1707
200911,C2299,C1685
200925,C16073,C625
200927,C11114,C5030
200928,C5778,C586
200932,C15268,C5030
200932,C5778,C467
200944,C6537,C528
200955,C16073,C2109
200981,C16073,C2109
201000,C354,C1707
201010,C16073,C612
201011,C14700,C706
201043,C6346,C457
201044,C16073,C529
201045,C7237,C529
201059,C1300,C586
201071,C14984,C5030
201086,C1506,C1707
201091,C13303,C706
201106,C3380,C22841
201113,C14657,C1685
201115,C2492,C457
201122,C6346,C625
201127,C16073,C2109
201136,C17083,C5030
201148,C6346,C625
201154,C15397,C706
201160,C16073,C1065
201165,C4112,C706
201174,C15609,C231
201215,C7221,C5030
201226,C4254,C231
201245,C16073,C1065
201254,C16073,C528
201265,C12682,C1685
201294,C2850,C359
201297,C3380,C22841
201320,C4513,C1685
201326,C5778,C2109
201337,C2989,C1685
201339,C16073,C2109
201354,C3238,C5030
201359,C3380,C22841
201366,C14657,C706
201368,C16073,C1065
201369,C1653,C529
201381,C409,C706
201387,C5778,C528
201415,C2492,C457
201432,C6346,C706
201451,C8371,C5721
201453,C16073,C457
201491,C13285,C5030
201509,C5461,C625
201525,C19517,C1685
201543,C831,C1707
201549,C2472,C5030
201569,C16073,C2109
201574,C16073,C625
201575,C16073,C457
201582,C10951,C706
201584,C887,C1065
201611,C1423,C467
201631,C14202,C467
201632,C15914,C5030
201649,C2626,C467
201682,C16065,C1707
201716,C16073,C467
201741,C6346,C625
201744,C15114,C1707
201761,C12347,C1707
201773,C11768,C528
201787,C5778,C625
201788,C12318,C1685
201791,C6346,C586
201801,C16073,C625
201810,C16073,C1065
201826,C2021,C1707
201833,C3444,C586
201849,C19,C1707
201860,C19131,C1707
201890,C16073,C1065
201913,C6346,C706
201919,C16073,C467
201921,C16073,C2109
201924,C2459,C706
201951,C18090,C1685
201973,C15556,C706
201981,C1295,C586
201984,C3122,C1015
201985,C16073,C612
202002,C8133,C1065
202011,C3380,C23521
202013,C1142,C706
202019,C5774,C1685
202041,C3380,C22841
202042,C902,C5030
202046,C2021,C706
202101,C16073,C612
202101,C3451,C1685
202115,C608,C5030
202146,C17682,C1707
202180,C13661,C1685
202189,C16073,C1065
202220,C16073,C586
202271,C16073,C457
202278,C15180,C1685
202284,C2548,C5030
202288,C18184,C706
202296,C2320,C467
202336,C14804,C706
202338,C16073,C586
202344,C17365,C957
202374,C6897,C1707
202380,C6758,C5721
202388,C14445,C1707
202391,C16073,C2109
202394,C22467,C1707
202428,C4271,C5030
202454,C16073,C457
202460,C13431,C5030
202483,C1804,C706
202500,C1453,C5030
202509,C16073,C528
202510,C1748,C586
202538,C16073,C529
202649,C6810,C467
202655,C16073,C529
202677,C1357,C1685
202686,C16073,C2109
202690,C16073,C1065
202691,C6367,C1685
202698,C15767,C1685
202700,C15644,C706
202716,C2299,C1685
202731,C6810,C5136
202784,C14804,C1707
202792,C6810,C586
202793,C6810,C457
202796,C6810,C467
202804,C16073,C2109
202810,C2533,C706
202813,C3374,C22529
202842,C15626,C706
202850,C4367,C5030
202856,C1645,C1707
202860,C1205,C706
202880,C6346,C1685
202881,C2683,C5030
202883,C159,C359
202917,C3534,C467
202922,C16073,C586
202925,C16073,C529
202932,C14777,C1685
202933,C13290,C5030
202934,C5332,C585
202935,C920,C1685
202954,C16073,C625
202969,C14066,C1685
202972,C6810,C231
202973,C16073,C529
202975,C16073,C625
202976,C16073,C2109
202993,C17465,C1707
203002,C15445,C1015
203013,C6810,C586
203036,C2492,C457
203047,C3451,C5030
203087,C1936,C1685
203091,C5323,C706
203103,C421,C5030
203113,C1191,C706
203154,C16073,C2109
203157,C3629,C706
203160,C6810,C467
203166,C17552,C706
203185,C6810,C467
203192,C12016,C1707
203208,C16073,C528
203211,C16073,C457
203214,C16073,C612
203222,C22786,C1707
203263,C8768,C5782
203264,C1624,C5030
203266,C16073,C467
203281,C4352,C5030
203299,C1191,C1707
203304,C16073,C586
203346,C14244,C16950
203365,C6810,C467
203381,C2436,C1707
203382,C4232,C1685
203382,C5901,C467
203384,C16073,C457
203387,C16073,C457
203405,C20165,C2303
203410,C12406,C706
203420,C16073,C467
203436,C14244,C1797
203467,C2428,C2109
203487,C2428,C5030
203503,C17536,C706
203508,C1800,C706
203513,C14204,C1707
203519,C15753,C5030
203529,C3380,C22841
203534,C17400,C5030
203540,C16073,C467
203544,C375,C1685
203561,C16397,C231
203562,C16397,C231
203593,C16073,C1065
203626,C25022,C5698
203631,C13898,C5030
203646,C17552,C1685
203673,C6992,C612
203677,C16065,C1707
203677,C16065,C529
203678,C16073,C2109
203684,C16073,C1065
203708,C2492,C457
203747,C3629,C1707
203756,C15914,C231
203773,C354,C1707
203779,C5778,C1685
203795,C1624,C231
203795,C16073,C528
203807,C4858,C1685
203816,C16397,C706
203817,C16397,C706
203831,C16073,C625
203839,C14657,C231
203853,C16073,C612
203884,C3869,C706
203885,C3380,C798
203891,C1645,C706
203912,C3380,C22841
203920,C16073,C586
203939,C13717,C5030
203972,C7298,C11145
203973,C16073,C528
203973,C12682,C1685
203977,C16073,C467
203978,C9806,C467
203989,C6758,C1685
204005,C1191,C419
204006,C16397,C231
204007,C16397,C231
204026,C135,C457
204040,C6810,C231
204050,C13285,C1685
204060,C16073,C528
204083,C3484,C1707
204087,C8768,C26517
204087,C13948,C586
204091,C10430,C1707
204104,C64,C1707
204112,C13898,C448
204121,C16073,C612
204122,C16073,C467
204124,C15005,C706
204126,C282,C1707
204130,C15644,C5030
204140,C13948,C528
204175,C4914,C231
204179,C9219,C1707
204186,C12177,C1685
204196,C16065,C612
204207,C13948,C1065
204253,C3030,C1707
204270,C16073,C1065
204271,C16073,C625
204289,C16520,C5932
204290,C16520,C5932
204294,C17023,C359
204317,C2159,C585
204319,C17806,C706
204319,C4131,C706
204320,C17806,C231
204330,C16073,C467
204335,C3380,C22841
204351,C421,C457
204360,C16073,C2109
204374,C16073,C586
204387,C16073,C529
204442,C16073,C529
204443,C16073,C612
204451,C15640,C5030
204458,C2871,C1685
204461,C3374,C1707
204462,C2749,C5030
204463,C1796,C1707
204480,C3405,C706
204497,C3990,C1685
204501,C15767,C1685
204520,C1804,C5030
204526,C2852,C706
204527,C16073,C706
204534,C16073,C2109
204537,C2492,C457
204557,C19,C1707
204565,C11996,C5030
204601,C354,C1707
204602,C6810,C457
204635,C894,C2109
204661,C1804,C1707
204669,C2459,C1707
204674,C16073,C457
204688,C2514,C231
204707,C16073,C625
204707,C3380,C22841
204741,C16073,C467
204741,C14557,C706
204757,C3336,C231
204765,C16073,C586
204774,C5763,C3634
204825,C16073,C457
204853,C16073,C528
204869,C22523,C231
204875,C12682,C1685
204877,C122,C586
204923,C5763,C5515
204927,C17815,C612
204943,C3260,C5030
204966,C16073,C625
204968,C14657,C706
204979,C3238,C5030
204996,C16073,C2109
204997,C16073,C467
205000,C12154,C528
205006,C16073,C586
205055,C16073,C586
205065,C2850,C359
205074,C3260,C231
205094,C16073,C528
205103,C5279,C1707
205158,C5948,C231
205184,C17823,C457
205199,C13539,C706
205220,C17815,C612
205223,C17815,C612
205224,C4508,C231
205227,C12318,C706
205227,C18217,C4417
205233,C9627,C1065
205239,C17823,C706
205259,C16073,C467
205260,C608,C706
205260,C11564,C706
205261,C14202,C612
205261,C14202,C457
205262,C22467,C1883
205262,C13243,C1883
205262,C19131,C1883
205263,C9201,C1883
205263,C17065,C1883
205264,C22786,C1883
205268,C16073,C586
205278,C4271,C706
205283,C14202,C528
205294,C15160,C706
205328,C16073,C457
205335,C315,C1685
205345,C4581,C5030
205347,C375,C1685
205365,C15317,C467
205366,C13519,C529
205378,C2492,C457
205378,C17823,C612
205380,C194,C1707
205387,C13519,C612
205388,C13519,C2109
205397,C11535,C4407
205421,C3380,C22841
205437,C13519,C5030
205468,C14907,C1065
205471,C7863,C1065
205473,C16073,C529
205525,C2438,C5136
205550,C3629,C1707
205558,C2492,C457
205584,C15440,C359
205593,C2769,C1950
205593,C6346,C1685
205613,C14407,C1685
205613,C1142,C706
205630,C17823,C467
205645,C17837,C467
205648,C2021,C706
205660,C17823,C467
205683,C1936,C2079
205701,C16520,C706
205733,C15806,C625
205735,C12172,C2109
205764,C16073,C612
205777,C12682,C1685
205778,C6810,C706
205824,C17815,C586
205840,C27047,C1707
205852,C3198,C1685
205859,C11161,C1707
205873,C5809,C706
205883,C13316,C359
205903,C17839,C625
205915,C1453,C1685
205939,C6810,C1065
205958,C17835,C528
205960,C11885,C1685
205987,C3380,C22841
205995,C5828,C231
205997,C14445,C1707
206000,C3026,C921
206011,C453,C1685
206014,C15218,C706
206019,C14619,C5030
206021,C3380,C22841
206021,C16073,C457
206024,C16073,C586
206028,C16073,C625
206029,C19517,C1707
206070,C14425,C1707
206098,C2492,C457
206103,C25022,C1685
206118,C16073,C457
206133,C3380,C22841
206154,C2077,C5030
206173,C16073,C625
206178,C16073,C1065
206182,C15753,C706
206197,C16073,C2109
206206,C13401,C467
206227,C16073,C529
206229,C16073,C2109
206247,C10925,C586
206261,C13667,C467
206263,C16073,C612
206264,C10925,C467
206279,C1748,C231
206283,C1357,C1685
206286,C11336,C359
206300,C13631,C1685
206312,C11336,C528
206314,C17240,C1065
206314,C22724,C1685
206341,C17823,C706
206351,C4559,C5030
206354,C12427,C612
206363,C11336,C706
206367,C17823,C231
206381,C3380,C22841
206385,C3715,C612
206398,C8371,C5721
206401,C3380,C5588
206402,C2735,C706
206413,C16073,C528
206414,C3380,C22841
206445,C17835,C231
206451,C657,C1707
206465,C26671,C1883
206468,C12541,C612
206472,C3451,C706
206482,C4835,C1065
206495,C16073,C2109
206499,C631,C1685
206503,C17552,C2174
206506,C15160,C528
206507,C3554,C586
206510,C159,C359
206511,C768,C1685
206518,C1423,C5030
206523,C16073,C2109
206549,C2303,C706
206549,C16073,C2109
206566,C5763,C1093
206568,C5763,C1262
206589,C16073,C1065
206602,C15445,C1015
206610,C15628,C231
206628,C12744,C528
206634,C9627,C529
206635,C421,C457
206652,C17082,C1685
206666,C16073,C1065
206668,C16073,C528
206680,C12147,C706
206693,C2827,C5030
206705,C16073,C625
206713,C10925,C528
206724,C15266,C1685
206733,C5111,C706
206744,C12630,C706
206754,C3198,C1685
206781,C12038,C1685
206789,C16073,C586
206820,C16073,C612
206827,C15285,C1707
206844,C16073,C528
206883,C15615,C1685
206889,C4618,C1685
206902,C3380,C22841
206904,C409,C5030
206930,C16073,C529
206937,C13629,C529
206941,C13629,C529
206959,C12414,C706
206967,C3143,C1065
206984,C1800,C231
206996,C4232,C1685
206999,C12691,C231
207000,C16557,C1089
207005,C14244,C16950
207006,C13629,C467
207022,C11004,C585
207057,C13669,C2109
207064,C16055,C706
207069,C17872,C467
207085,C17872,C586
207090,C17872,C612
207146,C15355,C1685
207156,C15114,C1707
207160,C992,C1707
207171,C409,C1707
207173,C12347,C1707
207178,C17465,C706
207184,C18345,C1707
207205,C17872,C612
207207,C9426,C625
207230,C12744,C231
207256,C17552,C1685
207332,C16055,C1685
207357,C6346,C625
207384,C2772,C706
207408,C27159,C706
207411,C14646,C1883
207417,C14870,C5030
207427,C7298,C803
207432,C11346,C706
207437,C15746,C15746
207443,C1947,C706
207445,C23724,C1685
207480,C13243,C1707
207485,C14301,C1685
207504,C9627,C706
207586,C14445,C706
207607,C36,C229
207612,C22609,C742
207622,C1823,C4605
207622,C1823,C26873
207622,C6037,C5030
207622,C1823,C4195
207625,C152,C1685
207626,C152,C1685
207627,C1823,C1006
207632,C17055,C706
207640,C1823,C2737
207640,C16397,C586
207655,C16397,C467
207668,C15397,C1685
207688,C14510,C706
207695,C16397,C586
207701,C1823,C779
207701,C11658,C5030
207705,C16397,C586
207713,C4291,C231
207717,C16397,C1685
207717,C16397,C625
207719,C2492,C457
207724,C15618,C5030
207742,C16397,C2109
207748,C9715,C1685
207781,C1823,C2803
207781,C1947,C5136
207782,C9589,C5030
207786,C9715,C706
207792,C657,C1707
207810,C1191,C1707
207837,C421,C457
207844,C12745,C586
207852,C2077,C1685
207852,C2320,C467
207868,C11564,C1707
207886,C7160,C706
207887,C2320,C5136
207900,C12745,C467
207904,C12172,C467
207918,C12172,C457
207923,C11768,C1065
207926,C12172,C706
207949,C10529,C457
207953,C24464,C467
207964,C24464,C1707
207972,C24464,C586
207978,C17823,C1685
207993,C13638,C467
208001,C3122,C1015
208035,C17890,C2109
208045,C1936,C2079
208048,C16397,C586
208058,C1453,C706
208071,C23640,C1685
208076,C6810,C467
208087,C1357,C1685
208109,C15001,C1707
208115,C1823,C72
208120,C16397,C359
208123,C1804,C5030
208128,C15839,C2109
208133,C17905,C1065
208140,C2492,C457
208146,C17905,C612
208152,C17905,C5030
208161,C12257,C1707
208166,C3380,C2013
208183,C17905,C231
208194,C13638,C467
208200,C2492,C457
208211,C6346,C625
208221,C6346,C625
208223,C6346,C625
208224,C6758,C585
208277,C6346,C586
208283,C5794,C528
208287,C12654,C1707
208287,C6346,C625
208288,C12406,C467
208313,C2422,C1707
208327,C15767,C1685
208330,C13303,C528
208351,C6897,C706
208363,C24637,C3028
208365,C15839,C529
208411,C17083,C5030
208429,C3380,C22841
208448,C10529,C467
208455,C366,C231
208461,C6346,C5030
208485,C12682,C1685
208500,C2492,C457
208525,C16247,C231
208529,C17924,C2519
208534,C3906,C586
208535,C1796,C706
208544,C12724,C231
208551,C13638,C231
208553,C3260,C5030
208570,C17824,C467
208581,C409,C706
208603,C3238,C5030
208611,C17815,C706
208636,C6810,C612
208644,C17922,C612
208657,C6810,C457
208659,C17924,C457
208660,C3534,C706
208671,C3380,C22841
208675,C3869,C1707
208677,C16397,C625
208685,C15207,C5030
208687,C22442,C359
208705,C5045,C5030
208707,C2852,C5030
208707,C17824,C467
208709,C17412,C5030
208711,C5337,C706
208736,C17926,C1065
208737,C4753,C706
208739,C17926,C625
208741,C17926,C528
208755,C17926,C625
208765,C9627,C1707
208769,C4157,C612
208769,C4157,C1065
208787,C12745,C612
208795,C17926,C1065
208799,C17926,C457
208802,C17926,C586
208809,C2492,C457
208810,C2472,C5030
208825,C17926,C231
208826,C17926,C231
208827,C657,C229
208832,C16055,C231
208835,C22395,C359
208837,C2850,C359
208840,C13124,C5588
208850,C13290,C612
208860,C2492,C457
208863,C12657,C231
208863,C409,C231
208863,C15129,C1707
208866,C4131,C231
208867,C15114,C231
208867,C9696,C231
208884,C2428,C528
208893,C14619,C1065
208895,C4157,C231
208913,C13124,C231
208918,C15129,C4222
208923,C14202,C231
208927,C436,C231
208929,C13631,C231
208930,C3990,C231
208930,C7863,C231
208939,C6810,C231
208940,C6810,C231
208975,C2278,C26244
208977,C14500,C457
208983,C4616,C231
208985,C1420,C231
208985,C1453,C231
208985,C58,C231
208987,C13583,C231
208987,C274,C231
208988,C4352,C231
208989,C4513,C231
208990,C2422,C231
208995,C5176,C231
208997,C3030,C231
209006,C6367,C1685
209021,C3380,C22841
209030,C608,C1685
209031,C608,C1685
209036,C13669,C231
209043,C2798,C231
209046,C13303,C231
209047,C16557,C231
209061,C12038,C231
209074,C15129,C231
209086,C5828,C2174
209110,C12318,C231
209132,C14500,C231
209134,C11455,C586
209134,C17823,C706
209153,C11996,C529
209155,C11455,C528
209157,C16694,C231
209178,C17922,C231
209186,C17076,C529
209188,C6810,C586
209209,C13661,C467
209211,C14014,C1685
209211,C14014,C1707
209220,C3380,C22841
209227,C5811,C231
209231,C3336,C231
209233,C15394,C231
209264,C14053,C625
209265,C14053,C1707
209275,C11885,C5720
209282,C2604,C1685
209288,C8784,C1707
209291,C17922,C586
209294,C6810,C529
209323,C3235,C5030
209329,C15266,C706
209340,C2492,C457
209344,C12654,C231
209347,C16945,C231
209353,C14090,C5030
209361,C18255,C1707
209366,C17076,C5136
209377,C2683,C706
209380,C4722,C5030
209387,C17823,C586
209400,C12172,C5030
209406,C15626,C231
209407,C17412,C231
209407,C5794,C1707
209409,C2492,C457
209409,C13568,C457
209411,C17055,C231
209416,C26347,C231
209432,C3715,C706
209441,C11455,C231
209442,C13568,C1707
209462,C16490,C5721
209464,C2159,C231
209466,C13568,C5136
209467,C13568,C5136
209468,C12766,C231
209470,C3235,C231
209470,C8958,C231
209472,C14777,C5030
209472,C7298,C1685
209478,C10999,C231
209500,C15556,C1685
209504,C2475,C1685
209516,C3484,C231
209526,C14864,C231
209538,C13920,C2109
209543,C3380,C22841
209553,C4412,C1707
209579,C11142,C586
209586,C3380,C22841
209586,C13920,C706
209590,C17082,C231
209591,C17926,C231
209591,C6066,C2109
209595,C5111,C231
209595,C657,C1707
209607,C14445,C1707
209613,C1300,C1707
209618,C13907,C231
209630,C13568,C231
209632,C19517,C1685
209644,C14510,C231
209649,C13920,C231
209652,C7312,C231
209654,C17076,C231
209667,C3380,C22841
209671,C16397,C706
209686,C1804,C706
209707,C3049,C231
209709,C17552,C231
209730,C2299,C706
209753,C13795,C457
209754,C13795,C529
209761,C17276,C5900
209765,C12172,C231
209769,C8559,C231
209769,C920,C528
209777,C16825,C231
209782,C15753,C706
209783,C17823,C1685
209802,C2908,C5030
209814,C24436,C24436
209821,C23396,C5900
209830,C3544,C231
209830,C4077,C231
209835,C12316,C231
209835,C15007,C1707
209836,C1928,C706
209848,C14529,C529
209870,C24721,C457
209875,C3380,C5136
209890,C2735,C231
209897,C11336,C5030
209900,C14529,C457
209903,C14270,C3028
209908,C6367,C1685
209921,C22724,C1685
209930,C13795,C231
209945,C12414,C359
209947,C881,C231
209947,C806,C5030
209948,C3021,C231
209952,C14529,C5030
209954,C2749,C231
209968,C14529,C22529
209987,C5828,C706
210001,C12393,C1707
210006,C14529,C1065
210008,C17887,C231
210022,C14529,C231
210025,C17144,C4407
210037,C8147,C706
210065,C5358,C231
210068,C2626,C231
210070,C10529,C586
210071,C4367,C231
210080,C11475,C231
210090,C12414,C457
210094,C3587,C1707
210103,C15445,C529
210109,C12845,C529
210115,C11475,C5736
210119,C4367,C5030
210124,C8693,C231
210124,C1823,C1944
210124,C10529,C4407
210126,C10529,C231
210127,C12147,C231
210132,C10529,C18135
210147,C9219,C441
210150,C12427,C231
210172,C4914,C706
210181,C5638,C1685
210188,C14619,C231
210188,C2514,C231
210189,C15615,C231
210196,C9325,C231
210199,C1823,C2136
210217,C16397,C586
210221,C16242,C1707
210224,C1823,C2890
210231,C8133,C1707
210238,C18345,C359
210243,C14557,C231
210246,C5337,C231
210248,C2464,C231
210248,C2493,C231
210249,C17269,C231
210249,C17680,C231
210249,C3444,C231
210250,C13898,C231
210250,C3381,C231
210251,C15403,C231
210254,C2871,C231
210268,C4015,C231
210268,C17680,C457
210269,C14090,C1685
210312,C1191,C706
210320,C1823,C1685
210326,C15403,C706
210331,C14425,C14425
210342,C1506,C1707
210349,C1928,C5030
210350,C3440,C5030
210351,C14186,C231
210357,C3629,C706
210362,C15266,C706
210364,C15753,C231
210366,C17552,C706
210367,C6367,C231
210373,C11004,C231
210377,C16071,C612
210380,C13360,C1707
210387,C17968,C586
210390,C17680,C5030
210401,C17680,C4222
210401,C1823,C779
210423,C16071,C612
210427,C16071,C1065
210428,C10299,C231
210430,C2475,C706
210433,C12845,C231
210435,C16071,C231
210435,C17783,C1685
210436,C16071,C231
210439,C1823,C245
210449,C17680,C231
210464,C14247,C1685
210481,C14527,C586
210482,C11142,C5030
210484,C14592,C231
210490,C14527,C706
210493,C15615,C1685
210501,C14527,C231
210511,C17890,C231
210524,C2320,C467
210524,C453,C1685
210524,C16071,C457
210539,C12630,C706
210544,C17969,C231
210548,C16071,C1065
210555,C2604,C231
210576,C1823,C72
210578,C12541,C231
210579,C16071,C1065
210585,C12427,C706
210592,C2428,C231
210593,C13988,C231
210608,C4232,C1685
210609,C16071,C467
210612,C3554,C612
210615,C1954,C231
210631,C24721,C1685
210644,C17680,C2174
210663,C14477,C231
210671,C9219,C231
210672,C2517,C706
210677,C23828,C1707
210677,C23828,C1685
210678,C9063,C359
210685,C3044,C706
210686,C17823,C1685
210706,C1300,C5030
210708,C17969,C231
210719,C15646,C1707
210721,C2492,C457
210724,C17682,C231
210724,C5045,C231
210726,C16969,C706
210728,C2229,C231
210730,C12042,C231
210731,C11161,C231
210732,C13316,C231
210733,C9806,C231
210734,C11564,C231
210734,C14122,C231
210740,C3163,C231
210745,C3380,C22841
210752,C17922,C231
210767,C992,C1707
210770,C16811,C706
210772,C16969,C231
210776,C24873,C5900
210780,C1796,C1685
210787,C14866,C231
210787,C2077,C231
210789,C1823,C25661
210790,C12682,C231
210791,C768,C231
210792,C1357,C1685
210797,C14794,C231
210799,C1823,C2084
210800,C16071,C528
210801,C1823,C2839
210801,C14229,C706
210803,C2159,C5030
210810,C6367,C1685
210817,C3122,C5030
210824,C1823,C2890
210844,C9219,C706
210850,C13378,C5030
210863,C9535,C5030
210873,C17978,C529
210874,C19,C1707
210887,C16071,C1065
210889,C17978,C586
210908,C12393,C231
210909,C17978,C1707
210919,C17978,C586
210919,C17978,C1685
210962,C6810,C457
210962,C16071,C1065
210963,C14445,C231
210964,C5043,C706
210964,C6810,C612
210965,C17845,C231
210969,C3380,C22841
210971,C17465,C231
210971,C4550,C231
210985,C17465,C5030
210989,C3380,C22841
210992,C17978,C2109
210993,C12654,C1707
210999,C10430,C706
211025,C16520,C231
211028,C14439,C231
211031,C3380,C22841
211034,C14640,C231
211036,C14494,C231
211042,C14090,C231
211051,C17978,C1065
211068,C15699,C231
211083,C15498,C231
211086,C15445,C231
211086,C15640,C231
211139,C2496,C1685
211144,C14880,C231
211144,C1928,C231
211158,C4988,C706
211163,C15699,C528
211167,C2769,C5030
211172,C3380,C22841
211193,C2533,C231
211196,C9696,C706
211204,C13661,C1707
211205,C64,C231
211206,C515,C231
211207,C13667,C231
211209,C15218,C231
211215,C14090,C1685
211232,C17978,C231
211233,C17978,C231
211239,C17837,C528
211241,C5763,C683
211242,C17978,C706
211261,C2492,C457
211261,C5782,C10293
211266,C3198,C231
211266,C375,C231
211267,C1750,C231
211268,C4112,C231
211269,C13287,C231
211271,C12707,C231
211275,C4254,C231
211279,C3380,C22841
211281,C17837,C5588
211282,C3238,C743
211282,C17837,C457
211285,C17837,C467
211287,C17837,C528
211288,C14510,C706
211288,C17837,C586
211290,C17837,C457
211291,C16087,C231
211306,C17978,C706
211309,C13907,C1685
211310,C10430,C1707
211312,C17978,C706
211321,C16397,C586
211330,C3664,C231
211331,C17978,C706
211334,C16397,C1685
211347,C17978,C706
211349,C17978,C706
211366,C2087,C1707
211372,C2087,C612
211385,C2303,C231
211389,C24464,C231
211389,C5828,C231
211390,C13948,C231
211390,C15370,C1707
211402,C17815,C586
211403,C4297,C231
211407,C22467,C1685
211410,C159,C231
211418,C17926,C586
211435,C4081,C5030
211441,C6810,C586
211444,C920,C231
211445,C14984,C231
211446,C2021,C231
211448,C8310,C231
211454,C4232,C231
211455,C13290,C231
211460,C3044,C231
211463,C13378,C231
211468,C831,C1707
211472,C17978,C231
211473,C17978,C231
211475,C17978,C231
211476,C14425,C1707
211477,C17978,C231
211477,C17978,C706
211478,C17978,C231
211480,C17978,C231
211481,C17978,C231
211505,C17978,C231
211507,C17978,C231
211508,C17978,C231
211509,C15914,C231
211509,C17978,C231
211509,C25022,C1685
211510,C17978,C231
211511,C17978,C231
211512,C17978,C231
211513,C17978,C231
211514,C17978,C231
211517,C161,C231
211529,C18184,C18184
211531,C17815,C586
211535,C17815,C586
211538,C4693,C5030
211540,C17978,C231
211540,C992,C706
211541,C17978,C231
211541,C17815,C586
211542,C17978,C231
211543,C17978,C231
211544,C17978,C231
211545,C17978,C231
211546,C17978,C231
211546,C2159,C743
211547,C17978,C231
211548,C17978,C231
211561,C9063,C1707
211565,C4412,C231
211573,C14540,C231
211573,C17978,C231
211573,C2459,C231
211573,C6037,C231
211574,C17978,C231
211576,C17978,C231
211577,C17978,C231
211578,C17978,C231
211579,C17978,C231
211580,C17978,C231
211581,C17978,C231
211582,C17978,C231
211584,C17978,C231
211586,C17978,C231
211606,C17978,C231
211609,C17978,C231
211611,C17978,C231
211612,C17978,C231
211613,C17978,C231
211616,C17978,C231
211617,C17978,C231
211618,C17978,C231
211631,C17536,C231
211635,C13669,C1685
211638,C17978,C706
211639,C5323,C231
211643,C17978,C231
211643,C17978,C706
211644,C17978,C231
211645,C17978,C231
211646,C17978,C706
211649,C17978,C231
211651,C17978,C231
211651,C3380,C22841
211653,C17978,C231
211657,C375,C1685
211676,C17978,C231
211677,C17978,C231
211680,C17978,C231
211685,C17978,C231
211686,C17978,C231
211687,C4377,C706
211696,C17815,C359
211704,C17978,C754
211708,C10545,C3443
211712,C17978,C231
211714,C17978,C231
211714,C13492,C528
211717,C3990,C1685
211718,C17815,C359
211719,C16397,C5030
211731,C14122,C5030
211732,C5128,C706
211744,C16397,C5640
211746,C17978,C231
211746,C16397,C586
211747,C17978,C231
211765,C7237,C586
211766,C3380,C2013
211768,C7237,C2109
211769,C17219,C1685
211781,C17978,C706
211784,C13519,C586
211784,C13519,C467
211799,C14527,C586
211805,C15001,C231
211805,C3534,C231
211806,C843,C231
211808,C806,C231
211810,C4651,C231
211811,C2908,C231
211823,C3664,C706
211828,C6810,C457
211847,C2760,C1707
211861,C13519,C231
211861,C13519,C706
211863,C1108,C231
211865,C5794,C231
211868,C14049,C231
211872,C11996,C231
211876,C4291,C231
211900,C2436,C706
211920,C13290,C1707
211925,C15618,C231
211957,C14529,C1707
211963,C920,C1685
211964,C17837,C586
211979,C3869,C625
211981,C421,C457
211982,C2492,C457
211985,C15644,C231
211986,C1515,C231
211987,C3616,C231
211989,C17978,C529
211990,C4693,C231
211994,C14818,C231
211995,C16071,C2174
211997,C12257,C231
212008,C3554,C612
212013,C5791,C231
212016,C13492,C528
212029,C16071,C231
212030,C16071,C231
212030,C16397,C5030
212043,C15397,C231
212051,C2229,C1685
212061,C16071,C231
212061,C11346,C467
212072,C2438,C1867
212072,C12766,C2519
212106,C17083,C231
212107,C14296,C231
212112,C64,C529
212119,C14700,C231
212119,C4254,C743
212120,C4352,C706
212141,C12766,C2519
212150,C3380,C22841
212163,C2299,C231
212164,C194,C231
212164,C902,C231
212168,C2321,C231
212168,C992,C231
212169,C2584,C231
212169,C2760,C231
212169,C17922,C612
212171,C282,C231
212171,C3457,C231
212178,C4600,C231
212178,C17922,C612
212195,C3260,C5030
212202,C12016,C1685
212204,C14439,C1065
212205,C15180,C1685
212212,C3380,C22841
212219,C421,C231
212225,C64,C1707
212235,C8914,C231
212237,C14225,C1685
212284,C2032,C231
212287,C17922,C231
212289,C3544,C1707
212290,C6537,C231
212293,C17823,C586
212303,C14540,C1707
212306,C2472,C1707
212313,C12038,C1685
212314,C14445,C1707
212337,C4753,C706
212342,C2492,C457
212343,C14903,C231
212351,C13638,C706
212396,C15235,C457
212397,C18002,C625
212400,C18325,C1685
212401,C18325,C1707
212407,C6857,C231
212407,C20165,C20165
212409,C8958,C5030
212411,C13337,C13337
212414,C17823,C586
212439,C14253,C1707
212476,C5461,C231
212478,C4618,C231
212491,C2278,C231
212519,C17872,C1685
212523,C1754,C231
212527,C15266,C231
212527,C8593,C231
212529,C13457,C231
212531,C16490,C231
212533,C14809,C231
212533,C17680,C2174
212537,C15129,C1707
212540,C15678,C231
212546,C6857,C612
212559,C15235,C529
212564,C15235,C612
212575,C5828,C586
212586,C15303,C231
212593,C14657,C231
212597,C14804,C231
212604,C18002,C529
212615,C6367,C1685
212624,C161,C5640
212625,C2278,C26244
212643,C3715,C457
212647,C14025,C231
212649,C14445,C529
212689,C17968,C586
212696,C881,C5030
212702,C17837,C706
212704,C1300,C231
212704,C15180,C231
212706,C1506,C231
212708,C4581,C231
212709,C1423,C231
212709,C4377,C231
212710,C3122,C231
212715,C2893,C231
212725,C17837,C231
212726,C17837,C231
212729,C2459,C706
212755,C14488,C1707
212760,C14488,C467
212767,C14053,C231
212774,C14483,C231
212774,C14657,C5030
212775,C16397,C231
212776,C3694,C231
212784,C4618,C706
212799,C4914,C1707
212805,C2278,C706
212815,C1142,C706
212821,C14488,C625
212822,C14488,C586
212823,C13638,C231
212826,C17872,C467
212831,C17407,C231
212864,C17400,C231
212899,C14025,C1707
212900,C14638,C5136
212916,C18151,C2519
212942,C2492,C457
212946,C15609,C231
212963,C11161,C706
212965,C2769,C2866
212994,C17872,C706
213007,C2517,C231
213008,C13669,C231
213010,C5186,C231
213013,C11114,C231
213013,C13311,C231
213015,C3380,C22841
213020,C6810,C528
213025,C5279,C5030
213027,C12318,C706
213039,C13629,C359
213063,C13661,C231
213072,C5279,C231
213072,C3198,C1685
213078,C11315,C231
213081,C161,C359
213086,C18002,C231
213087,C1692,C231
213101,C14510,C467
213102,C6857,C1707
213109,C3906,C1707
213119,C13907,C359
213131,C10713,C231
213131,C12766,C2519
213142,C5911,C231
213148,C14592,C586
213151,C920,C706
213154,C2769,C706
213159,C6810,C706
213184,C2827,C231
213186,C1624,C231
213187,C3906,C231
213188,C10951,C231
213188,C1205,C231
213188,C631,C231
213189,C13968,C231
213191,C4508,C231
213191,C5043,C231
213193,C12414,C231
213199,C122,C231
213200,C15007,C5030
213218,C14229,C529
213227,C8431,C586
213228,C18013,C1065
213231,C18013,C231
213237,C14527,C586
213243,C18013,C612
213243,C2492,C457
213251,C375,C1685
213258,C14619,C5030
213263,C13726,C586
213264,C13726,C529
213265,C13726,C586
213272,C12393,C1707
213286,C13726,C467
213304,C2480,C231
213311,C25022,C1685
213313,C5774,C231
213351,C23736,C359
213353,C14638,C231
213362,C14692,C706
213363,C2492,C457
213365,C10925,C231
213365,C3030,C706
213367,C3260,C231
213369,C14692,C231
213369,C253,C231
213376,C2989,C231
213376,C2584,C1065
213426,C24637,C1685
213429,C1804,C231
213438,C1928,C706
213483,C6810,C612
213500,C17815,C231
213510,C26652,C1685
213514,C14940,C586
213515,C14244,C5698
213523,C15001,C1707
213531,C3607,C1685
213544,C12406,C231
213547,C15003,C231
213553,C15285,C231
213564,C18150,C2519
213606,C10829,C231
213606,C12019,C231
213606,C14247,C231
213606,C2825,C231
213606,C6181,C231
213606,C2492,C457
213606,C3380,C5588
213607,C1702,C231
213613,C14204,C231
213613,C3380,C22841
213628,C16397,C625
213630,C22442,C359
213643,C18275,C1707
213649,C2480,C8388
213667,C2769,C231
213699,C12654,C5030
213711,C14527,C706
213714,C631,C1685
213716,C18002,C1707
213723,C1191,C231
213723,C15268,C231
213726,C11142,C231
213728,C7298,C14258
213730,C1905,C231
213731,C3143,C231
213731,C4517,C231
213731,C14488,C1065
213742,C4914,C5030
213755,C13492,C231
213763,C16062,C706
213779,C16062,C231
213783,C14519,C231
213783,C337,C231
213785,C14907,C231
213785,C709,C231
213787,C14229,C231
213787,C7038,C231
213787,C814,C231
213789,C3587,C231
213790,C354,C231
213790,C4271,C231
213790,C453,C231
213795,C9110,C231
213810,C16397,C467
213810,C16397,C625
213811,C16397,C625
213813,C366,C5030
213815,C2303,C1707
213815,C12613,C528
213826,C135,C528
213836,C14678,C706
213845,C13018,C231
213846,C2492,C457
213846,C7009,C612
213849,C14870,C231
213850,C15160,C231
213853,C2852,C231
213854,C13285,C231
213858,C6346,C231
213859,C17823,C586
213862,C2480,C5030
213883,C3380,C22841
213894,C14592,C612
213911,C1748,C231
213911,C2472,C231
213915,C17872,C612
213919,C6810,C1065
213923,C2823,C2485
213945,C3380,C22841
213954,C2798,C706
213957,C5154,C706
213963,C16397,C625
213966,C2492,C457
213974,C13439,C706
213974,C12147,C706
213985,C12038,C1685
214026,C13717,C231
214026,C2492,C457
214046,C14993,C706
214054,C894,C1685
214073,C3451,C754
214083,C18281,C5782
214086,C2496,C231
214087,C15802,C231
214103,C14488,C1707
214125,C13311,C1707
214135,C453,C1685
214146,C2492,C457
214154,C15802,C706
214155,C1936,C231
214158,C4513,C706
214175,C12393,C1707
214183,C14296,C1707
214189,C11114,C529
214189,C6346,C625
214193,C15445,C1015
214193,C14529,C5030
214205,C14488,C231
214209,C2492,C457
214223,C3380,C22841
214231,C17055,C529
214232,C16969,C586
214252,C3381,C5030
214266,C2492,C457
214266,C3484,C5136
214278,C3457,C706
214278,C6810,C2109
214287,C12104,C625
214293,C14744,C467
214325,C14244,C1797
214326,C15628,C231
214327,C1653,C231
214329,C10430,C231
214329,C1800,C231
214336,C3405,C231
214337,C6810,C1065
214345,C1645,C231
214357,C16694,C586
214368,C14744,C231
214375,C15207,C1065
214384,C15207,C231
214384,C2683,C231
214386,C7237,C231
214392,C4914,C231
214403,C5809,C231
214412,C1205,C1685
214436,C13285,C706
214437,C58,C457
214450,C14066,C231
214484,C14864,C5030
214494,C843,C706
214503,C135,C231
214503,C15767,C231
214504,C16811,C231
214506,C1357,C231
214507,C1796,C231
214507,C2492,C457
214510,C14521,C706
214511,C1295,C231
214511,C14804,C1707
214512,C4722,C231
214524,C17978,C1065
214527,C6346,C625
214528,C3380,C22841
214529,C6346,C625
214530,C7040,C5782
214533,C2320,C467
214545,C7904,C231
214546,C14494,C612
214553,C577,C1685
214555,C14870,C467
214559,C17978,C1685
214561,C17872,C706
214563,C7040,C5782
214571,C9627,C231
214576,C17872,C231
214583,C8388,C231
214589,C5186,C706
214589,C13018,C1707
214603,C12654,C1707
214604,C5638,C231
214618,C13667,C5030
214628,C1435,C231
214629,C12541,C706
214631,C2640,C231
214633,C4081,C231
214634,C14040,C231
214635,C18184,C231
214635,C3629,C231
214636,C10668,C231
214637,C2772,C231
214639,C11114,C1707
214641,C14521,C231
214650,C3380,C22841
214652,C17090,C706
214653,C17090,C231
214657,C17090,C586
214680,C12766,C2519
214682,C17872,C706
214686,C14870,C5030
214688,C13243,C1685
214694,C12745,C231
214700,C9829,C231
214703,C14917,C231
214707,C7298,C5472
214711,C3380,C22841
214727,C16242,C1707
214727,C16242,C1685
214729,C282,C706
214744,C14589,C231
214756,C11827,C231
214795,C16969,C706
214797,C17837,C706
214798,C5785,C5900
214823,C12360,C231
214841,C1142,C231
214845,C16520,C2162
214852,C17365,C1685
214853,C24595,C1685
214863,C14186,C1685
214865,C6897,C231
214865,C436,C1685
214865,C16397,C625
214868,C2850,C231
214869,C4653,C231
214874,C13960,C231
214882,C6810,C2109
214885,C6810,C2109
214888,C14510,C706
214902,C13629,C1685
214905,C17500,C457
214905,C1515,C5030
214925,C17837,C706
214931,C15091,C231
214936,C9829,C1685
214949,C4550,C1707
214951,C16397,C1685
214964,C9829,C5030
214976,C12766,C2519
214987,C12423,C231
214990,C12716,C1685
215005,C2436,C231
215010,C2159,C15644
215018,C17536,C5030
215047,C4165,C231
215049,C4753,C231
215050,C1947,C231
215050,C3496,C231
215051,C9535,C231
215054,C2668,C231
215055,C11336,C231
215056,C375,C1685
215059,C18150,C2519
215073,C14986,C231
215074,C902,C1707
215077,C3380,C22841
215077,C2496,C706
215080,C13378,C5030
215086,C3616,C5030
215092,C5111,C5030
215109,C12745,C359
215115,C17824,C467
215130,C6810,C612
215138,C3380,C22841
215166,C3869,C231
215173,C3694,C706
215178,C3026,C231
215212,C2480,C9544
215218,C6810,C1065
215223,C11768,C231
215224,C14777,C231
215225,C17246,C231
215246,C13669,C1685
215258,C1936,C2079
215258,C17978,C586
215285,C15007,C231
215293,C11885,C231
215306,C3694,C1707
215307,C5782,C16062
215321,C6367,C1685
215333,C3380,C22529
215345,C14993,C231
215357,C17887,C231
215364,C2749,C5030
215365,C3380,C2013
215374,C19131,C1707
215397,C13631,C359
215403,C11281,C3443
215406,C4559,C231
215408,C3554,C231
215409,C2492,C457
215412,C15005,C231
215419,C13457,C612
215448,C16033,C231
215453,C16033,C625
215460,C17815,C359
215467,C2492,C457
215492,C13018,C1707
215514,C17338,C5640
215516,C2496,C231
215520,C17338,C231
215524,C4988,C231
215526,C831,C231
215528,C1243,C231
215529,C4835,C231
215531,C3451,C231
215531,C484,C231
215532,C608,C231
215532,C8371,C231
215532,C3165,C529
215533,C12347,C231
215537,C6346,C1685
215538,C2422,C1707
215543,C12766,C2519
215546,C2496,C231
215547,C2496,C231
215550,C17890,C359
215554,C6810,C586
215555,C15397,C706
215559,C6346,C586
215575,C421,C457
215578,C2496,C231
215583,C17835,C231
215584,C6537,C1685
215592,C5154,C231
215609,C2496,C231
215612,C13183,C457
215622,C3380,C22841
215627,C14866,C706
215637,C15615,C5030
215639,C2496,C231
215640,C2496,C231
215641,C2496,C231
215642,C2303,C231
215642,C17291,C1707
215647,C3204,C231
215648,C8147,C231
215661,C4233,C231
215670,C2496,C231
215671,C2496,C231
215682,C806,C625
215701,C2496,C231
215701,C14343,C1707
215702,C2496,C231
215703,C657,C231
215703,C2472,C706
215704,C13431,C231
215706,C15556,C231
215707,C17500,C231
215721,C13726,C231
215732,C2496,C231
215734,C17815,C586
215763,C2496,C231
215768,C2475,C231
215774,C13360,C231
215781,C409,C706
215783,C2493,C1707
215794,C2496,C231
215794,C13360,C1707
215794,C2496,C706
215818,C6810,C586
215823,C2548,C231
215824,C2496,C231
215825,C13629,C231
215825,C2496,C231
215828,C13539,C231
215851,C13907,C586
215855,C2496,C231
215855,C2496,C706
215856,C2496,C231
215870,C17905,C5720
215870,C17905,C585
215871,C1796,C5030
215875,C14488,C612
215875,C14488,C528
215884,C12845,C586
215886,C2496,C231
215887,C2496,C231
215917,C2496,C231
215918,C2496,C231
215919,C2496,C231
215931,C3380,C22841
215947,C2492,C457
215948,C12630,C231
215949,C2496,C231
215950,C11346,C231
215952,C9426,C231
215958,C375,C1685
215979,C2496,C231
215980,C2496,C231
215988,C10951,C706
215994,C3380,C22841
215995,C4033,C231
216011,C2496,C231
216012,C14940,C231
216026,C1435,C529
216030,C12766,C2519
216041,C2496,C231
216042,C2496,C231
216051,C14592,C467
216052,C14592,C467
216072,C2496,C231
216077,C17905,C231
216082,C4271,C706
216116,C3380,C22841
216132,C4753,C5030
216147,C15007,C1685
216165,C16945,C5030
216177,C3380,C22841
216214,C12318,C1685
216220,C3715,C586
216221,C17922,C706
216235,C3715,C231
216257,C4581,C5030
216319,C3026,C61
216330,C2459,C706
216336,C14818,C231
216352,C15445,C5030
216368,C15394,C1707
216375,C17269,C5030
216384,C14592,C1707
216398,C17922,C231
216405,C2278,C706
216414,C4914,C1707
216493,C2604,C1685
216547,C15207,C612
216550,C3380,C22841
216555,C3204,C5030
216557,C5794,C5030
216565,C11161,C706
216573,C2626,C625
216576,C18002,C706
216578,C18054,C625
216587,C337,C419
216603,C17083,C1707
216681,C17837,C1707
216734,C12038,C231
216736,C3380,C22841
216751,C15628,C706
216756,C17922,C612
216758,C135,C467
216782,C14247,C1685
216788,C1754,C1707
216806,C657,C1707
216825,C14053,C706
216843,C13378,C625
216847,C13568,C1707
216887,C14713,C529
216890,C1420,C706
216905,C18325,C1685
216907,C3380,C22841
216908,C17922,C231
216925,C4271,C5030
216933,C12766,C5030
216989,C17815,C586
217005,C4232,C5030
217059,C15423,C457
217064,C7298,C11412
217064,C3587,C5030
217067,C15423,C231
217089,C17246,C1685
217103,C1357,C1685
217111,C10925,C5030
217114,C12766,C1707
217137,C16071,C612
217139,C16071,C467
217150,C5948,C1685
217203,C12393,C1707
217209,C2492,C457
217209,C4559,C5030
217243,C436,C706
217247,C2480,C8340
217249,C15626,C706
217254,C3544,C706
217274,C13018,C1707
217302,C17922,C231
217308,C16071,C1065
217327,C18002,C1707
217332,C3122,C706
217339,C768,C1685
217342,C421,C457
217343,C7904,C706
217355,C14244,C15539
217378,C17823,C586
217408,C14754,C359
217413,C366,C5030
217417,C2683,C5030
217446,C18150,C2519
217467,C2032,C1707
217497,C16957,C1685
217503,C14678,C5030
217507,C1936,C1685
217551,C8388,C2480
217557,C5154,C706
217579,C3380,C22841
217597,C17872,C612
217628,C2492,C457
217664,C894,C1685
217681,C10925,C1685
217695,C24851,C5782
217718,C3534,C2174
217727,C4618,C1685
217728,C14754,C5900
217729,C11885,C5030
217733,C8310,C2162
217733,C18068,C612
217741,C11996,C1685
217751,C12691,C5030
217754,C18068,C1685
217761,C18068,C586
217799,C6367,C706
217806,C5498,C1707
217806,C1299,C2483
217806,C426,C1707
217806,C1299,C5590
217808,C1898,C529
217810,C18068,C625
217823,C17853,C1685
217823,C3380,C22841
217834,C2436,C1707
217835,C13492,C1707
217837,C14818,C2174
217847,C23736,C359
217854,C18068,C706
217860,C8693,C1503
217861,C18054,C359
217864,C3869,C3761
217869,C18068,C625
217875,C16557,C324
217921,C12766,C467
217926,C17680,C5030
217929,C16033,C586
217929,C24637,C1707
217940,C17872,C1685
217962,C15180,C5030
217966,C6920,C706
217976,C18068,C612
217986,C3554,C2109
217996,C12347,C1707
218023,C18074,C231
218036,C3607,C1685
218047,C2827,C1685
218054,C5785,C359
218058,C608,C1685
218072,C17023,C706
218075,C13629,C5030
218087,C18068,C625
218098,C3122,C5030
218100,C3380,C22841
218104,C14040,C706
218110,C4254,C706
218151,C5069,C231
218155,C2087,C1685
218166,C22442,C359
218169,C2492,C457
218172,C2459,C5030
218178,C17922,C2109
218181,C3484,C5030
218182,C16055,C1685
218203,C2159,C231
218205,C17465,C5030
218229,C2492,C457
218241,C6360,C612
218254,C13667,C5030
218259,C2496,C706
218272,C1506,C2109
218293,C13243,C1685
218296,C16062,C1707
218328,C5763,C5517
218343,C3235,C1707
218360,C3380,C1707
218361,C2229,C1685
218370,C9806,C1685
218393,C5948,C1685
218433,C3380,C22841
218433,C18012,C1707
218438,C17815,C586
218455,C6346,C586
218461,C9806,C5030
218470,C12766,C5030
218472,C13968,C467
218476,C16467,C1707
218501,C13360,C1707
218506,C14439,C457
218512,C2683,C46
218515,C11455,C1685
218520,C15003,C1685
218547,C17968,C1707
218559,C27086,C1685
218566,C1936,C1944
218589,C2492,C457
218632,C13285,C2683
218635,C14754,C1707
218643,C5332,C5030
218681,C3198,C5030
218704,C15003,C586
218730,C4081,C5030
218735,C6810,C586
218736,C12745,C359
218743,C5111,C5030
218765,C17082,C1065
218776,C515,C5030
218782,C17055,C5030
218791,C3554,C2109
218818,C12766,C231
218858,C15129,C1707
218888,C4377,C706
218896,C6758,C1685
218906,C1357,C1685
218940,C24839,C1685
218965,C8559,C5030
218970,C17178,C529
219017,C6810,C2109
219017,C1300,C706
219037,C14527,C1707
219043,C3380,C22841
219062,C8371,C5030
219093,C631,C706
219103,C7298,C5306
219131,C18002,C1707
219178,C13539,C1707
219189,C14053,C1685
219194,C14777,C1685
219212,C10951,C467
219278,C10529,C1707
219295,C17178,C231
219307,C17083,C1707
219313,C17269,C706
219313,C12682,C1685
219314,C14122,C612
219348,C3380,C22841
219390,C13431,C1685
219392,C3238,C1707
219403,C13360,C1707
219424,C14186,C1685
219461,C1435,C1685
219484,C6346,C359
219488,C5279,C706
219489,C14247,C1685
219500,C12766,C529
219500,C25059,C1685
219518,C3534,C1707
219526,C3380,C22841
219529,C4618,C231
219537,C4753,C706
219539,C1191,C1685
219540,C18068,C612
219542,C19517,C1707
219551,C453,C1685
219555,C16969,C467
219558,C17823,C586
219575,C10713,C706
219592,C3380,C22841
219609,C2492,C457
219622,C12766,C2519
219625,C13190,C13190
219649,C421,C457
219666,C1108,C706
219669,C13539,C5030
219699,C13285,C5030
219742,C24710,C1707
219745,C14866,C586
219747,C3198,C1685
219752,C4753,C5030
219773,C12172,C231
219827,C1936,C1944
219829,C1108,C1707
219858,C14229,C5030
219893,C6810,C625
219902,C18091,C467
219909,C26428,C1685
219916,C14202,C5030
219930,C18091,C586
219930,C315,C1707
219934,C4545,C528
219936,C18091,C1685
219961,C18091,C528
219967,C22494,C397
219981,C13534,C1685
220010,C17338,C1707
220017,C11827,C467
220048,C9627,C5030
220055,C18325,C359
220064,C6857,C528
220090,C2492,C457
220099,C14025,C1707
220150,C2492,C457
220152,C12707,C612
220165,C16700,C1685
220210,C2492,C457
220229,C13661,C1707
220232,C18054,C1685
220233,C12172,C5030
220270,C5774,C2109
220270,C5176,C5030
220305,C13360,C1707
220329,C3906,C1707
220330,C17178,C15001
220349,C3664,C231
220358,C4722,C706
220492,C13519,C706
220493,C14540,C5030
220496,C13337,C1707
220501,C6346,C625
220542,C13968,C1685
220555,C4271,C5030
220572,C15268,C625
220572,C15268,C457
220579,C18097,C231
220603,C14692,C1065
220609,C4232,C5030
220642,C3380,C22841
220650,C13316,C359
220663,C14025,C706
220674,C23931,C1685
220682,C14589,C706
220690,C6346,C625
220698,C18345,C1707
220705,C3587,C5030
220710,C14692,C586
220732,C13631,C1685
220807,C14692,C231
220809,C3380,C5588
220819,C2533,C706
220828,C3380,C22841
220855,C6810,C1707
220875,C12654,C612
220880,C1453,C625
220905,C15615,C706
220911,C17246,C359
220926,C15699,C467
220970,C677,C5721
220970,C24464,C1065
220972,C4914,C706
220980,C24464,C1707
220993,C24464,C2109
221009,C14754,C359
221011,C14025,C1707
221021,C14784,C1707
221021,C5811,C706
221041,C1423,C5030
221051,C5791,C529
221082,C14557,C1707
221102,C13290,C5030
221108,C15609,C706
221111,C6810,C467
221138,C18054,C1685
221144,C1506,C1685
221171,C6810,C2109
221187,C12038,C1685
221211,C5791,C1685
221212,C12016,C1685
221241,C19,C5030
221254,C24464,C231
221257,C15129,C586
221259,C15129,C1707
221260,C15129,C529
221260,C24689,C1707
221272,C24464,C359
221312,C657,C1707
221313,C24464,C467
221322,C15615,C1685
221338,C14754,C1707
221343,C1191,C1685
221354,C17660,C1685
221359,C12414,C706
221380,C64,C1065
221390,C13726,C1707
221397,C5334,C706
221402,C18054,C1685
221461,C14984,C612
221483,C3380,C22841
221510,C2459,C231
221514,C17536,C706
221531,C2492,C457
221531,C2438,C706
221547,C15268,C359
221551,C12716,C706
221561,C15355,C1685
221576,C6810,C467
221603,C6758,C1685
221608,C992,C5030
221611,C1357,C1685
221666,C6810,C612
221677,C17219,C1685
221678,C17219,C1707
221712,C14179,C231
221740,C17969,C706
221745,C14864,C5030
221804,C17823,C586
221839,C14122,C706
221844,C1947,C706
221851,C768,C1685
221867,C4618,C5030
221894,C6810,C612
221911,C9627,C706
221912,C6810,C529
221912,C6810,C625
221945,C4643,C585
221954,C12691,C706
221955,C13629,C706
221975,C6810,C586
221995,C16969,C706
222000,C17887,C359
222009,C8784,C1707
222015,C2496,C612
222025,C26227,C1685
222044,C3380,C25295
222058,C18104,C231
222058,C17338,C359
222068,C3380,C22841
222093,C3380,C22841
222109,C9806,C706
222121,C2769,C5030
222135,C16825,C612
222148,C6810,C467
222158,C14477,C1707
222165,C11346,C1685
222169,C6810,C528
222174,C15122,C12127
222179,C282,C1707
222181,C16825,C529
222215,C3380,C22841
222225,C2548,C706
222234,C17023,C5030
222238,C15618,C5030
222252,C14500,C625
222260,C13568,C528
222284,C1653,C706
222292,C2496,C706
222295,C831,C1707
222297,C12393,C1707
222309,C2492,C457
222340,C15609,C5030
222371,C6810,C528
222392,C13948,C706
222399,C2626,C706
222433,C24637,C1685
222434,C4693,C5030
222448,C3021,C2685
222469,C13717,C467
222470,C194,C706
222478,C2827,C706
222512,C3694,C1707
222516,C14692,C1685
222522,C9870,C467
222524,C14186,C457
222531,C15767,C1685
222543,C16490,C706
222555,C17682,C1707
222579,C5461,C5030
222606,C1142,C706
222616,C13316,C5030
222626,C3380,C22841
222662,C14270,C5900
222699,C13795,C586
222709,C6810,C586
222718,C14066,C5030
222734,C15767,C1685
222734,C3165,C706
222770,C6346,C1685
222781,C3715,C529
222790,C15767,C706
222813,C2683,C585
222813,C14025,C1707
222823,C14678,C1065
222833,C1645,C1707
222851,C18068,C586
222866,C15615,C5030
222876,C515,C706
222891,C5785,C1707
222913,C17083,C1707
222927,C14984,C5030
222936,C13661,C1707
222941,C14903,C1685
222970,C17890,C359
222974,C14657,C706
223002,C2493,C1707
223002,C4377,C1685
223013,C12766,C231
223017,C18074,C2174
223018,C10951,C2162
223090,C14439,C1707
223098,C3544,C1707
223102,C22786,C22786
223110,C3260,C5030
223122,C814,C706
223135,C4015,C1707
223138,C4753,C706
223152,C2492,C457
223154,C806,C706
223183,C9535,C5721
223191,C14500,C1685
223193,C14296,C5030
223193,C6346,C359
223194,C13726,C1707
223197,C831,C1707
223204,C13911,C231
223207,C13539,C706
223211,C13337,C13337
223262,C2320,C5136
223298,C20312,C1685
223320,C17823,C1685
223320,C14657,C467
223392,C2492,C457
223397,C14619,C706
223408,C12347,C1707
223433,C22724,C1685
223434,C337,C1685
223439,C13795,C1065
223445,C16852,C1707
223453,C13795,C1707
223460,C2827,C1685
223465,C14229,C5030
223475,C13303,C1707
223499,C159,C1707
223541,C315,C5030
223548,C881,C5030
223550,C4254,C1707
223599,C2517,C3761
223599,C2496,C612
223613,C13018,C1707
223630,C14540,C706
223634,C1191,C456
223674,C6346,C1685
223677,C14053,C1685
223699,C18068,C706
223704,C12016,C5900
223728,C337,C419
223740,C16242,C1685
223780,C12716,C5030
223783,C4567,C1685
223809,C14343,C1685
223833,C15180,C706
223857,C16397,C528
223861,C16397,C528
223872,C2492,C457
223890,C16397,C625
223893,C16397,C467
223908,C11161,C1707
223914,C13360,C1707
223919,C16397,C528
223926,C3869,C3761
223932,C2492,C457
223937,C16825,C1707
223950,C6810,C457
223954,C2769,C706
223961,C11114,C706
223969,C8310,C706
223984,C282,C1707
223986,C13920,C706
224024,C4835,C5030
224046,C19517,C1707
224063,C13568,C1707
224093,C14500,C1685
224106,C11827,C231
224149,C14540,C5030
224152,C13968,C1685
224162,C18097,C1707
224164,C16397,C2109
224192,C16397,C2109
224216,C1936,C706
224263,C13988,C529
224267,C11996,C706
224310,C6758,C1685
224311,C5785,C359
224321,C14692,C1685
224332,C13316,C359
224340,C3131,C625
224363,C2908,C5030
224375,C6810,C612
224380,C6810,C2109
224382,C4165,C706
224409,C6758,C585
224415,C26428,C1707
224457,C4232,C706
224457,C3544,C706
224473,C2492,C457
224478,C18068,C1065
224486,C18068,C612
224495,C14244,C5698
224499,C1653,C529
224507,C7312,C1707
224534,C3380,C22841
224535,C3165,C706
224552,C3260,C1685
224562,C3260,C2109
224583,C15678,C529
224609,C1928,C1707
224610,C3380,C22841
224614,C8310,C5030
224636,C13968,C5030
224672,C15678,C1707
224672,C3380,C22841
224675,C14244,C15539
224682,C1653,C586
224687,C9219,C1707
224698,C15678,C22529
224712,C1191,C706
224713,C15640,C706
224745,C1506,C1685
224754,C14186,C706
224761,C3587,C706
224768,C4077,C231
224770,C14445,C612
224779,C12147,C706
224789,C831,C5030
224799,C23728,C359
224805,C17407,C706
224807,C5791,C359
224825,C15609,C1685
224855,C15640,C1707
224870,C5911,C231
224876,C15285,C1685
224885,C2640,C231
224903,C5763,C3634
224911,C17178,C529
224926,C3534,C1707
224937,C14527,C586
224937,C21792,C17399
224948,C8388,C743
224974,C375,C1685
224977,C14818,C5030
224984,C12427,C706
224999,C13726,C1707
225005,C12393,C1707
225021,C3629,C5030
225071,C16694,C529
225073,C2492,C457
225122,C12630,C1065
225146,C16694,C22529
225157,C12766,C612
225163,C4291,C1944
225164,C15007,C1685
225165,C15355,C1685
225182,C17680,C5030
225187,C2496,C612
225191,C23726,C359
225225,C6810,C529
225227,C3380,C22167
225246,C258,C1707
225284,C17365,C17365
225286,C6810,C586
225310,C14521,C706
225330,C17365,C957
225338,C15122,C457
225340,C17680,C2174
225361,C2769,C1443
225382,C6810,C1707
225406,C2459,C5030
225421,C17338,C1707
225432,C13638,C1685
225439,C11346,C706
225446,C10957,C5721
225447,C17465,C5030
225536,C4858,C5030
225586,C25022,C5698
225627,C14445,C528
225632,C3380,C22841
225635,C5948,C1685
225688,C6810,C467
225696,C2436,C5030
225714,C6346,C586
225721,C15355,C5900
225740,C16825,C1707
225743,C15180,C1707
225746,C1453,C1707
225747,C15839,C231
225754,C3380,C22841
225761,C2769,C5030
225773,C12766,C5030
225798,C23315,C1707
225807,C13488,C1685
225826,C12038,C231
225834,C6897,C1685
225853,C18068,C612
225859,C17660,C1707
225873,C17023,C5030
225891,C17823,C467
225899,C15266,C5030
225915,C1515,C1685
225940,C992,C706
225948,C12038,C2174
225973,C3374,C2109
226006,C7352,C5030
226017,C920,C1065
226037,C6810,C586
226058,C6810,C2109
226066,C3198,C1685
226068,C2496,C1685
226100,C64,C1707
226114,C6857,C612
226120,C6857,C706
226132,C12654,C706
226147,C4835,C231
226151,C3990,C1685
226178,C2668,C706
226187,C2428,C231
226188,C12038,C586
226199,C161,C1707
226206,C354,C1685
226214,C14122,C5030
226222,C3380,C22841
226223,C12038,C2174
226256,C13316,C5030
226282,C21628,C1707
226284,C3380,C22841
226286,C2475,C231
226297,C1947,C5030
226303,C3380,C22841
226307,C122,C1685
226336,C15626,C2685
226346,C3380,C22841
226384,C11114,C5030
226407,C14053,C1685
226414,C6537,C1685
226423,C14678,C467
226427,C1936,C1944
226437,C12393,C5030
226447,C12406,C5030
226485,C2871,C706
226504,C6810,C612
226528,C19,C1707
226533,C11455,C706
226537,C13795,C528
226539,C5948,C1685
226541,C6346,C528
226543,C5864,C1685
226546,C421,C5030
226550,C14903,C1685
226585,C12766,C706
226607,C13629,C1685
226609,C5888,C1685
226612,C4165,C1707
226647,C1453,C1707
226652,C2517,C5030
226658,C14494,C359
226689,C421,C1685
226689,C8958,C743
226691,C5279,C706
226704,C14439,C1707
226709,C12177,C1707
226737,C14527,C586
226741,C14483,C1685
226743,C1796,C5030
226770,C3336,C706
226779,C5763,C14615
226790,C6421,C706
226803,C13726,C1707
226824,C13190,C13190
226850,C18104,C231
226853,C17978,C528
226854,C17978,C467
226882,C14186,C612
226892,C21628,C359
226903,C6346,C359
226904,C15160,C706
226908,C17978,C612
226924,C14186,C528
226930,C17978,C612
226961,C17978,C2109
226984,C768,C706
226986,C768,C467
226992,C15114,C1707
226999,C6604,C1065
226999,C6604,C529
226999,C6604,C457
227000,C15370,C529
227002,C64,C1707
227015,C12347,C1707
227021,C1357,C1685
227021,C15303,C612
227028,C17905,C457
227031,C16397,C359
227047,C4753,C5030
227057,C18068,C359
227065,C17978,C467
227087,C608,C1685
227122,C17978,C231
227126,C15001,C5030
227134,C3484,C706
227134,C17823,C706
227135,C15266,C528
227182,C6346,C625
227205,C4232,C528
227209,C18163,C231
227216,C22442,C359
227241,C4550,C5030
227259,C6810,C706
227283,C17905,C231
227305,C17279,C231
227308,C2604,C1685
227309,C18163,C1685
227323,C4233,C1685
227339,C17279,C1707
227362,C3380,C2013
227367,C3451,C1685
227376,C814,C1707
227380,C18255,C1707
227442,C18012,C1707
227445,C14216,C231
227448,C13661,C1707
227460,C23736,C359
227480,C18167,C1685
227523,C3380,C22841
227528,C14993,C1707
227547,C15180,C1707
227549,C17823,C586
227550,C15003,C1685
227608,C1754,C1707
227627,C657,C5030
227635,C4651,C231
227670,C17978,C586
227678,C375,C1685
227690,C1420,C706
227764,C14619,C5030
227767,C3380,C22841
227775,C2492,C457
227796,C1936,C1944
227798,C14540,C5030
227799,C2087,C625
227802,C14527,C528
227813,C24436,C24436
227818,C2464,C706
227822,C14053,C467
227826,C14818,C706
227828,C3380,C22841
227840,C18002,C1707
227846,C18217,C3439
227867,C11996,C706
227882,C24806,C1685
227919,C6758,C1685
227923,C1357,C1685
227925,C26652,C1707
227934,C6758,C5030
227937,C22724,C1685
227940,C15767,C1685
227966,C5948,C1685
227983,C4165,C706
227991,C15129,C612
228005,C14313,C528
228005,C16897,C706
228025,C1191,C419
228027,C1447,C706
228043,C436,C706
228058,C4232,C706
228061,C1205,C706
228073,C2760,C1707
228079,C3534,C625
228184,C24057,C1685
228216,C10529,C5030
228269,C14066,C1685
228284,C337,C706
228314,C14343,C1685
228315,C2492,C457
228323,C1936,C1685
228330,C1928,C231
228343,C18170,C625
228354,C2798,C706
228358,C5154,C706
228392,C3380,C22841
228393,C18174,C625
228394,C18170,C529
228403,C18170,C231
228476,C14488,C528
228490,C2827,C5030
228499,C3380,C22841
228501,C17400,C706
228507,C18179,C2109
228516,C3380,C22841
228522,C14247,C706
228528,C18179,C529
228540,C18174,C706
228547,C12630,C706
228563,C5337,C625
228579,C16490,C585
228583,C18174,C231
228591,C14500,C1685
228605,C6346,C586
228606,C2320,C5136
228613,C14296,C1707
228613,C16969,C1707
228653,C18179,C231
228654,C2321,C5030
228658,C13907,C1003
228685,C6810,C625
228688,C6810,C625
228693,C4352,C5030
228696,C3044,C706
228729,C6810,C467
228736,C12691,C1685
228764,C15498,C612
228769,C15355,C1707
228796,C14619,C706
228804,C14040,C1685
228813,C15268,C359
228830,C1420,C1685
228836,C12318,C1685
228849,C14186,C2109
228849,C14186,C457
228875,C23728,C359
228891,C6810,C612
228901,C1300,C5030
228922,C19,C1707
228928,C1954,C5030
228934,C17823,C467
228934,C18163,C2174
228940,C14804,C1707
228946,C4651,C5030
228955,C6810,C586
228963,C17680,C2174
228966,C14244,C1797
229006,C15802,C1707
229008,C8371,C743
229044,C17978,C586
229053,C6067,C467
229082,C17682,C529
229106,C920,C1685
229109,C14445,C706
229123,C17279,C231
229133,C2320,C467
229135,C17682,C528
229157,C12691,C706
229178,C5794,C706
229179,C8371,C5721
229235,C4722,C1707
229240,C12682,C1685
229254,C5948,C1685
229262,C18184,C231
229310,C15399,C585
229316,C17083,C706
229328,C13360,C1707
229353,C15180,C1707
229354,C22786,C1685
229368,C15003,C5030
229376,C17968,C1707
229387,C1928,C1065
229389,C17887,C706
229396,C2492,C457
229402,C5358,C706
229405,C657,C231
229411,C16397,C16397
229425,C2548,C706
229457,C8914,C5030
229477,C14529,C457
229478,C13568,C1707
229481,C375,C1685
229509,C6810,C457
229516,C2492,C457
229533,C3544,C528
229564,C1928,C231
229571,C20165,C1685
229617,C12745,C359
229627,C3451,C231
229631,C16675,C16675
229652,C315,C528
229671,C194,C706
229679,C2827,C706
229686,C18191,C467
229694,C3380,C22841
229709,C64,C1707
229715,C17246,C1685
229722,C14754,C359
229738,C2852,C706
229747,C14439,C706
229775,C15129,C1685
229789,C18636,C1685
229811,C161,C1707
229825,C19,C1707
229831,C14917,C5030
229833,C17978,C586
229855,C13316,C612
229903,C3380,C22841
229976,C13988,C612
229987,C12745,C231
229988,C6810,C528
229988,C1506,C1685
230000,C15802,C5030
230017,C18191,C231
230021,C3380,C22841
230055,C6346,C586
230069,C16062,C1707
230070,C16062,C1707
230086,C3380,C22841
230093,C3440,C231
230116,C15615,C5030
230135,C1796,C706
230142,C3235,C612
230168,C421,C5030
230175,C12745,C5030
230185,C12766,C706
230190,C3380,C22841
230209,C4616,C5030
230220,C2493,C1707
230230,C18074,C2174
230260,C13907,C1685
230268,C15609,C612
230301,C11051,C743
230301,C11051,C585
230313,C13488,C1685
230337,C14527,C586
230340,C6810,C529
230352,C13638,C706
230357,C17682,C5030
230391,C3260,C5030
230398,C7863,C231
230408,C20165,C4679
230413,C6810,C586
230431,C2683,C743
230438,C3380,C22841
230438,C14521,C5030
230455,C17823,C586
230473,C11564,C706
230489,C5045,C5030
230507,C814,C528
230526,C8958,C5030
230542,C17823,C1685
230547,C18002,C1707
230554,C24710,C1707
230568,C3544,C706
230574,C15007,C1685
230575,C2584,C1707
230577,C484,C706
230587,C13988,C231
230620,C14984,C528
230641,C18104,C231
230645,C194,C1685
230669,C4722,C231
230686,C3380,C22841
230696,C3380,C22841
230707,C16397,C359
230721,C159,C1707
230731,C13316,C586
230740,C12427,C1707
230768,C18068,C359
230775,C2584,C706
230780,C6346,C586
230816,C1936,C528
230818,C3380,C22841
230819,C14592,C1707
230828,C13316,C467
230830,C6037,C1685
230834,C13316,C5136
230837,C2492,C457
230854,C13316,C5136
230871,C13316,C5136
230880,C13316,C5136
230889,C4550,C5030
230932,C12766,C586
230934,C9627,C5030
230967,C3380,C2013
230977,C3451,C1685
230985,C1515,C706
230993,C17682,C1707
231019,C8784,C1707
231045,C8958,C585
231050,C58,C1707
231077,C2492,C457
231082,C14527,C706
231104,C17682,C529
231127,C5794,C5030
231139,C2320,C467
231142,C5045,C1707
231158,C6810,C706
231168,C894,C1685
231171,C4508,C1685
231184,C3380,C22841
231195,C2683,C1685
231202,C13629,C359
231215,C15218,C706
231229,C855,C1065
231234,C5176,C706
231244,C12766,C231
231246,C3380,C22841
231285,C453,C1685
231301,C4291,C1944
231355,C15007,C5030
231368,C3380,C22841
231413,C24436,C24436
231451,C2893,C1065
231492,C3380,C22841
231495,C13937,C1685
231522,C13937,C529
231527,C13937,C231
231551,C3607,C1707
231557,C13631,C1685
231605,C13937,C5638
231605,C3654,C1200
231612,C13717,C706
231616,C3380,C22841
231626,C2760,C706
231648,C2480,C940
231651,C15207,C1707
231652,C15207,C1685
231652,C15207,C612
231686,C1624,C706
231696,C17835,C706
231707,C3554,C529
231720,C6810,C1707
231722,C12766,C231
231733,C3380,C22841
231733,C13018,C1707
231737,C122,C5030
231743,C7904,C706
231754,C15498,C457
231754,C3587,C1707
231759,C8147,C1685
231765,C17178,C15001
231787,C3021,C2436
231788,C17986,C1503
231789,C24057,C1685
231796,C5948,C5030
231833,C4367,C5030
231833,C1295,C706
231841,C5323,C231
231865,C1645,C1707
231870,C3553,C231
231871,C6810,C586
231907,C3990,C706
231915,C15160,C5030
231926,C3143,C706
231933,C16179,C467
231936,C14678,C5030
231961,C4077,C706
232009,C17407,C706
232040,C2475,C706
232076,C14488,C1065
232076,C14488,C612
232086,C315,C2109
232094,C18163,C231
232103,C17400,C706
232122,C15122,C457
232123,C15626,C1707
232124,C14247,C1685
232143,C3587,C231
232170,C1191,C1685
232211,C12406,C706
232221,C14053,C706
232231,C18217,C1707
232287,C4232,C1685
232298,C3044,C706
232305,C14692,C1685
232343,C3380,C22841
232389,C14204,C1707
232405,C18174,C2174
232445,C10051,C10051
232457,C3496,C706
232459,C2640,C467
232472,C992,C5030
232494,C843,C706
232504,C608,C1685
232510,C14040,C706
232526,C3380,C22841
232546,C16694,C706
232563,C17400,C5030
232609,C22494,C397
232625,C3235,C706
232626,C14244,C1797
232641,C12541,C706
232644,C1947,C706
232648,C3380,C22841
232698,C2492,C457
232709,C13243,C1707
232716,C17978,C586
232753,C16242,C1707
232770,C3380,C22841
232812,C24854,C1707
232820,C14343,C1685
232825,C1191,C419
232833,C12845,C231
232842,C17682,C706
232899,C6110,C585
232947,C17553,C1707
232962,C17246,C5030
232964,C6346,C586
232996,C17500,C1685
232998,C4550,C1707
233019,C25059,C1707
233022,C16062,C706
233023,C16062,C706
233024,C16062,C706
233025,C16062,C706
233027,C5176,C467
233032,C16062,C706
233035,C12716,C1685
233038,C15914,C1707
233051,C22724,C4872
233075,C3380,C22841
233098,C17023,C359
233104,C3380,C22841
233129,C14903,C586
233135,C1515,C1685
233160,C13631,C706
233170,C12745,C586
233214,C17978,C467
233215,C13948,C1685
233226,C2850,C706
233229,C14903,C1685
233229,C3484,C1707
233255,C18002,C1707
233280,C6810,C612
233281,C3380,C5640
233287,C515,C5030
233287,C3198,C1685
233290,C3380,C22841
233302,C1936,C2079
233333,C1357,C1685
233373,C23728,C359
233434,C19,C1707
233439,C13795,C1707
233512,C2749,C5030
233513,C3163,C5030
233554,C2640,C5030
233558,C631,C1685
233563,C3380,C22841
233569,C22494,C397
233629,C17978,C612
233634,C17978,C529
233640,C15214,C231
233654,C58,C231
233671,C1645,C1707
233674,C6810,C2109
233690,C12406,C5030
233713,C9219,C1707
233718,C2492,C457
233726,C12393,C5030
233726,C14692,C706
233767,C14090,C1685
233772,C15266,C1685
233826,C15397,C1685
233838,C2492,C457
233866,C12360,C5030
233869,C13907,C1685
233877,C2464,C231
233890,C14754,C359
233898,C17500,C1685
233921,C4131,C1685
233925,C1645,C5030
233928,C7298,C2420
233931,C14445,C2109
233938,C4753,C706
233969,C17660,C1707
233975,C10713,C706
233981,C17978,C1065
233990,C3380,C22841
234007,C6928,C5030
234013,C14445,C612
234016,C17205,C1065
234016,C17205,C625
234025,C1191,C419
234036,C17680,C1707
234044,C17978,C612
234057,C17205,C5030
234058,C11346,C5030
234062,C18636,C1883
234062,C15214,C2174
234063,C16242,C1883
234063,C16079,C1883
234064,C17219,C1883
234074,C11564,C706
234075,C3380,C25295
234079,C20165,C1685
234099,C18174,C529
234111,C2492,C457
234137,C14619,C1065
234177,C484,C706
234199,C2492,C457
234203,C18097,C231
234206,C13539,C5030
234211,C18345,C1685
234246,C274,C1685
234252,C3616,C529
234262,C17205,C231
234306,C6810,C612
234349,C11004,C743
234352,C17167,C359
234358,C15207,C1707
234360,C274,C467
234368,C5913,C1065
234376,C4254,C1707
234385,C3629,C231
234387,C15001,C5030
234425,C14445,C612
234428,C14592,C1707
234436,C6810,C1707
234440,C17338,C1707
234477,C3380,C23521
234480,C14445,C529
234508,C14907,C5030
234508,C6810,C529
234509,C15586,C457
234509,C15586,C5030
234588,C421,C1065
234598,C17269,C5030
234602,C2827,C743
234620,C2320,C5136
234631,C17835,C5030
234669,C13661,C1707
234721,C14592,C528
234724,C13316,C1015
234727,C12016,C1707
234728,C12016,C1685
234737,C11161,C1707
234746,C14993,C1707
234751,C4722,C706
234757,C26743,C26743
234768,C3906,C1707
234789,C12172,C5030
234800,C16698,C1685
234836,C4297,C5030
234841,C17978,C586
234841,C159,C706
234844,C3380,C22841
234869,C18174,C625
234870,C18068,C612
234870,C17660,C1707
234871,C9219,C2109
234876,C1191,C1685
234893,C15268,C706
234902,C3380,C22841
234905,C3380,C22841
234924,C902,C1707
234925,C17536,C529
234927,C831,C1707
234968,C15214,C2174
234974,C18163,C359
234986,C13378,C5030
235028,C14818,C706
235059,C4367,C1065
235062,C18002,C1707
235063,C14025,C706
235067,C11996,C706
235100,C23640,C1685
235118,C409,C1707
235130,C17246,C1685
235142,C12654,C467
235157,C6758,C5030
235191,C17219,C1685
235210,C3380,C22841
235213,C3380,C22841
235229,C26428,C1707
235254,C1936,C231
235258,C1905,C706
235271,C14864,C706
235291,C13018,C1707
235292,C6346,C625
235333,C3122,C706
235385,C2683,C12859
235408,C1506,C1685
235420,C14529,C1707
235433,C1295,C706
235467,C5045,C706
235468,C8914,C706
235469,C6537,C706
235478,C2303,C1707
235491,C4367,C5030
235497,C17065,C1685
235518,C15640,C706
235522,C3380,C22841
235539,C161,C359
235548,C14494,C1707
235553,C6810,C1065
235564,C6810,C612
235579,C2492,C457
235592,C2480,C10952
235600,C17978,C586
235621,C453,C706
235646,C14993,C706
235655,C15609,C1685
235661,C1453,C1707
235696,C18163,C231
235723,C10925,C1685
235734,C14247,C1685
235752,C1191,C1685
235779,C1191,C1685
235834,C12393,C1707
235843,C14619,C457
235905,C3554,C1685
235917,C17680,C706
235918,C17978,C467
235919,C4643,C5720
235920,C4643,C585
235950,C15214,C2174
235976,C421,C457
235987,C9201,C1685
235991,C17465,C706
236006,C421,C457
236015,C7298,C5030
236032,C3380,C25294
236060,C5948,C1685
236075,C17680,C5030
236082,C5948,C612
236090,C23736,C359
236110,C14521,C706
236122,C5948,C2109
236128,C17365,C17365
236142,C19,C1707
236144,C5948,C231
236145,C5948,C231
236148,C17083,C1707
236158,C12427,C1707
236170,C17815,C612
236186,C13629,C5030
236203,C4653,C5030
236224,C17815,C467
236266,C24721,C1685
236304,C16969,C467
236309,C3380,C22841
236318,C9627,C706
236323,C14529,C1707
236323,C17465,C5030
236325,C15498,C706
236337,C2459,C5030
236357,C3664,C5030
236361,C1947,C1065
236386,C14445,C706
236388,C2229,C1685
236390,C5948,C706
236391,C18255,C1685
236397,C18068,C586
236411,C5948,C706
236420,C2492,C457
236427,C9870,C1685
236432,C5948,C2109
236432,C18275,C1707
236441,C14445,C529
236452,C3380,C22841
236455,C5794,C1707
236489,C2205,C5030
236491,C6810,C1065
236492,C6810,C457
236495,C18068,C625
236518,C161,C706
236532,C14445,C529
236552,C6810,C529
236553,C6810,C1065
236573,C15556,C1707
236576,C3380,C22841
236582,C15003,C1685
236601,C4653,C1685
236603,C17500,C1685
236608,C4550,C1707
236621,C5948,C706
236624,C5948,C528
236627,C1936,C1944
236631,C14777,C706
236637,C5279,C2436
236638,C13190,C12837
236645,C3534,C1707
236648,C5948,C706
236657,C15914,C1707
236658,C13717,C5030
236673,C18068,C612
236702,C4291,C1944
236756,C13360,C1707
236834,C5948,C706
236834,C2850,C359
236842,C16490,C585
236846,C5948,C706
236854,C5948,C706
236888,C5948,C706
236895,C3405,C706
236896,C15370,C612
236910,C5948,C706
236913,C5948,C528
236920,C5948,C706
236924,C3694,C1707
236927,C12104,C5030
236936,C16969,C1707
236951,C421,C457
236958,C12654,C1685
236979,C2668,C706
236980,C3380,C22841
237006,C13190,C18219
237008,C5948,C231
237009,C5948,C231
237010,C5948,C231
237011,C5948,C231
237012,C5948,C231
237015,C5948,C231
237015,C14592,C706
237016,C5948,C231
237017,C5948,C231
237019,C5948,C231
237020,C5948,C231
237024,C5948,C706
237045,C5948,C231
237046,C5948,C231
237049,C5948,C231
237050,C5948,C231
237051,C5948,C231
237052,C5948,C231
237053,C5948,C231
237054,C5948,C231
237055,C5948,C231
237060,C5948,C231
237061,C5948,C231
237062,C5948,C231
237062,C15370,C22529
237063,C5948,C231
237064,C5948,C231
237079,C5948,C706
237081,C16969,C467
237087,C5948,C231
237088,C5948,C231
237089,C5948,C231
237090,C5948,C231
237091,C5948,C231
237092,C5948,C231
237093,C5948,C231
237094,C5948,C231
237094,C5948,C706
237095,C5948,C231
237096,C5948,C231
237097,C5948,C231
237098,C5948,C231
237099,C5948,C231
237100,C5948,C231
237108,C15160,C529
237108,C3451,C586
237120,C13023,C1685
237122,C1653,C528
237129,C15370,C231
237129,C5948,C231
237130,C5948,C231
237131,C5948,C231
237136,C5948,C231
237137,C5948,C231
237138,C3165,C706
237139,C5948,C231
237140,C5948,C231
237141,C14557,C706
237160,C6037,C231
237167,C24721,C1707
237169,C5948,C231
237170,C5948,C231
237171,C5948,C231
237172,C5948,C231
237173,C5948,C231
237174,C5948,C231
237178,C5948,C231
237179,C5948,C231
237189,C15370,C754
237189,C13539,C1707
237196,C14984,C706
237204,C5948,C231
237204,C14066,C5030
237205,C5948,C231
237206,C5948,C231
237207,C5948,C231
237208,C5948,C231
237209,C5948,C231
237210,C5948,C231
237212,C5948,C231
237213,C5948,C231
237216,C5948,C231
237217,C5948,C231
237244,C5948,C231
237249,C5948,C706
237250,C5948,C231
237251,C5948,C231
237251,C5948,C706
237258,C3380,C22841
237259,C13457,C706
237284,C5948,C706
237286,C2871,C706
237287,C5948,C231
237288,C5948,C231
237290,C5948,C706
237291,C5948,C231
237292,C5948,C231
237293,C5948,C706
237320,C5948,C231
237321,C5948,C231
237324,C5948,C231
237325,C5948,C231
237326,C5948,C231
237326,C1295,C1707
237327,C5948,C706
237330,C5948,C231
237331,C5948,C231
237367,C5948,C231
237368,C5948,C231
237369,C5948,C231
237378,C24595,C1685
237384,C17009,C1685
237396,C15615,C5030
237397,C14445,C529
237401,C6857,C612
237442,C2480,C1707
237447,C18345,C359
237523,C25059,C1685
237525,C5337,C706
237530,C25129,C1707
237539,C3122,C1707
237558,C19517,C1707
237559,C2472,C1707
237575,C18068,C612
237603,C5782,C16712
237621,C2492,C457
237637,C18217,C1707
237638,C2852,C1707
237645,C17680,C1707
237654,C18068,C5030
237663,C24436,C24436
237667,C14445,C586
237669,C3990,C5030
237676,C11564,C706
237712,C20312,C1685
237716,C18068,C1685
237721,C11768,C457
237731,C11768,C586
237741,C2492,C457
237756,C2852,C5030
237763,C17978,C586
237774,C18002,C1707
237839,C16969,C1707
237845,C3666,C467
237848,C13539,C5030
237852,C12318,C1685
237852,C274,C1685
237896,C19131,C1685
237908,C16945,C5030
237911,C2496,C2174
237936,C16397,C359
237975,C16363,C586
237991,C6857,C1707
238002,C3380,C22841
238005,C5638,C5030
238027,C14090,C1015
238032,C16363,C706
238038,C3165,C529
238047,C17338,C1707
238062,C2021,C706
238074,C14186,C706
238083,C4914,C1707
238090,C13316,C5030
238115,C13661,C5030
238161,C4550,C5030
238174,C9627,C5030
238185,C1515,C706
238188,C3380,C22841
238201,C1796,C612
238204,C17682,C1685
238208,C1750,C706
238221,C2492,C457
238233,C1947,C1685
238253,C1191,C231
238276,C3204,C5030
238309,C13316,C359
238328,C13960,C706
238351,C12360,C231
238364,C515,C2109
238366,C1453,C1707
238382,C11114,C706
238399,C23016,C1707
238421,C14521,C1707
238436,C3380,C22841
238476,C18068,C612
238523,C16969,C706
238538,C25022,C1685
238555,C15403,C1685
238559,C1748,C706
238589,C18068,C586
238637,C13568,C706
238648,C6507,C467
238654,C14818,C2174
238661,C14540,C5030
238663,C14025,C706
238671,C6442,C1685
238727,C3906,C231
238731,C15266,C528
238807,C23716,C5782
238808,C3380,C22841
238810,C23716,C5782
238817,C23716,C5782
238821,C5811,C1685
238821,C2492,C457
238834,C23716,C5782
238835,C23716,C5782
238838,C1191,C102
238839,C23716,C5782
238842,C1142,C1707
238851,C5948,C1685
238854,C3906,C457
238854,C3906,C528
238861,C1205,C706
238871,C3380,C22841
238872,C14225,C3238
238875,C6897,C5030
238897,C1453,C5030
238903,C17552,C2174
238913,C15615,C706
238918,C11658,C231
238937,C122,C1685
239000,C10694,C5782
239021,C1506,C1685
239039,C6442,C22651
239102,C4291,C1944
239105,C3044,C5030
239193,C13968,C5030
239221,C453,C706
239228,C453,C5030
239253,C13360,C1707
239267,C1453,C1707
239277,C10713,C5030
239302,C4616,C231
239312,C1936,C1944
239316,C14244,C15539
239320,C436,C467
239321,C3380,C22841
239344,C14247,C1685
239350,C12630,C706
239350,C14527,C1065
239352,C18170,C706
239355,C14754,C1685
239368,C5948,C706
239376,C17660,C1707
239388,C1191,C1685
239439,C17465,C1707
239483,C20165,C1707
239488,C12147,C1707
239509,C14270,C1685
239510,C4377,C612
239521,C2321,C5030
239534,C12745,C586
239542,C2492,C457
239580,C15355,C1707
239614,C15114,C1685
239623,C4508,C706
239652,C2626,C612
239653,C4165,C231
239681,C17023,C706
239699,C15268,C359
239710,C2492,C457
239710,C4254,C706
239722,C2492,C457
239745,C1142,C1707
239747,C11827,C586
239751,C19,C1707
239765,C4988,C231
239771,C12427,C1707
239816,C3163,C706
239840,C4653,C5030
239850,C17338,C1707
239877,C14122,C706
239887,C3122,C5030
239898,C15001,C706
239940,C14784,C1685
239943,C2321,C706
239953,C2459,C5030
239987,C12845,C706
239994,C2229,C1685
240010,C16062,C1707
240054,C2548,C586
240054,C14477,C706
240060,C354,C1685
240082,C2492,C457
240187,C16045,C2109
240270,C9426,C231
240274,C3380,C22841
240296,C17978,C467
240320,C4131,C706
240322,C3049,C231
240391,C14868,C5030
240465,C3044,C231
240560,C3607,C1707
240560,C3607,C1685
240561,C15767,C1685
240564,C17682,C1685
240584,C2850,C359
240628,C354,C706
240647,C13287,C706
240671,C2626,C706
240698,C1453,C1707
240707,C2640,C1685
240740,C13631,C528
240741,C122,C1685
240747,C421,C457
240752,C5948,C528
240777,C421,C457
240783,C5948,C467
240803,C2492,C457
240810,C1243,C706
240824,C2422,C1707
240829,C13631,C359
240839,C15370,C706
240896,C18255,C1685
240896,C18255,C1707
240901,C3380,C1707
240909,C17682,C1685
240910,C2492,C457
240914,C16062,C1707
240923,C2492,C457
240941,C4352,C706
240941,C920,C706
240978,C3380,C22841
241051,C2480,C1707
241085,C15180,C1707
241121,C3380,C22841
241165,C2472,C1707
241175,C5913,C1685
241200,C253,C467
241213,C2159,C585
241225,C1191,C419
241226,C657,C229
241231,C23679,C23679
241233,C14202,C529
241234,C14202,C586
241251,C13190,C13190
241262,C24436,C24436
241270,C15129,C586
241288,C3380,C22841
241299,C5279,C231
241322,C15129,C528
241328,C11768,C1065
241355,C409,C467
241361,C2852,C5030
241364,C17178,C359
241396,C24806,C1685
241411,C3198,C1685
241415,C5948,C1065
241421,C3380,C22841
241483,C337,C1685
241506,C2827,C1685
241511,C4412,C231
241556,C3380,C22841
241573,C14494,C5030
241599,C3444,C706
241625,C13023,C1707
241659,C5638,C5030
241660,C6037,C1685
241675,C11564,C231
241729,C2604,C1685
241731,C1506,C1685
241763,C14657,C5030
241763,C2492,C457
241766,C16242,C1685
241831,C2320,C467
241851,C17269,C5030
241862,C13898,C706
241863,C4232,C1065
241928,C13960,C706
241939,C14804,C706
241976,C14488,C625
241983,C14809,C1685
241983,C3380,C22841
242015,C15218,C706
242019,C15003,C1685
242041,C159,C706
242083,C18068,C612
242089,C1804,C706
242107,C5279,C1685
242161,C608,C5030
242210,C14777,C5030
242215,C5778,C1685
242216,C15007,C5030
242278,C14540,C5030
242377,C5948,C528
242390,C4165,C706
242408,C2827,C1685
242412,C5948,C528
242455,C2683,C585
242458,C2683,C46
242461,C1905,C706
242464,C4232,C706
242513,C13960,C5030
242532,C14864,C1685
242539,C3165,C706
242571,C14984,C1685
242572,C4914,C706
242604,C2492,C457
242630,C14445,C1707
242642,C14025,C1707
242646,C12347,C706
242683,C10529,C706
242710,C3869,C586
242711,C17682,C1685
242712,C3869,C3761
242715,C3380,C22841
242727,C3143,C706
242729,C14940,C706
242738,C10529,C1707
242744,C315,C1707
242745,C1905,C231
242766,C17552,C706
242788,C17009,C1707
242841,C17680,C231
242911,C3554,C612
242925,C17437,C706
242954,C15802,C706
242955,C3534,C1707
242984,C12427,C706
243005,C2604,C706
243019,C11996,C1685
243042,C2408,C585
243058,C18068,C612
243086,C3380,C22841
243094,C5358,C1685
243127,C1800,C706
243136,C11142,C5030
243194,C9201,C1685
243197,C15007,C1685
243202,C1624,C5030
243204,C2492,C457
243206,C11161,C5030
243235,C3380,C25294
243278,C64,C5030
243282,C3694,C625
243301,C1750,C1685
243306,C16811,C1707
243307,C4872,C1065
243308,C2320,C5136
243310,C14521,C706
243314,C5948,C528
243351,C1300,C5030
243364,C4015,C612
243374,C15370,C1065
243409,C3451,C2174
243420,C5913,C1685
243440,C3165,C706
243450,C18074,C706
243457,C17338,C1707
243493,C4550,C706
243508,C17969,C231
243518,C8914,C1685
243547,C15914,C706
243553,C18068,C612
243584,C3235,C1685
243605,C814,C1707
243610,C2492,C457
243678,C12682,C1685
243688,C14510,C706
243696,C14244,C16950
243704,C2749,C1685
243715,C4858,C5030
243776,C14488,C457
243776,C14488,C625
243776,C14488,C2109
243788,C12147,C231
243791,C4858,C706
243804,C2492,C457
243806,C2514,C706
243833,C13937,C2908
243852,C4616,C1707
243856,C14247,C1685
243892,C3380,C22841
243894,C3616,C1707
243899,C17023,C359
243925,C16490,C585
243974,C3163,C1707
243984,C17082,C706
243986,C3694,C706
244024,C15626,C5030
244045,C2492,C457
244113,C11346,C231
244134,C409,C1707
244140,C3380,C22841
244165,C515,C5030
244167,C15767,C1685
244174,C13290,C706
244176,C1796,C1685
244182,C3143,C528
244192,C3990,C1685
244250,C421,C457
244268,C992,C586
244281,C17978,C5030
244288,C17055,C5030
244327,C15370,C1685
244356,C15397,C706
244362,C3380,C22841
244398,C13937,C1065
244419,C3030,C5030
244420,C13937,C528
244432,C4297,C706
244436,C14204,C5030
244467,C14066,C5030
244503,C274,C706
244507,C814,C1707
244525,C2492,C457
244606,C3380,C22841
244619,C14494,C1707
244623,C11114,C231
244643,C2321,C1707
244663,C1653,C1685
244670,C7312,C231
244695,C15180,C1707
244698,C14296,C359
244705,C2492,C457
244710,C421,C706
244727,C12177,C1707
244742,C4616,C5030
244759,C14247,C1685
244789,C3380,C22841
244794,C14494,C359
244806,C13337,C13337
244832,C14122,C5030
244849,C14202,C586
244850,C3380,C22841
244879,C17839,C1707
244908,C11346,C5030
244910,C12745,C1685
244918,C20312,C1707
244946,C3380,C22841
244975,C14521,C5030
